-- phpMyAdmin SQL Dump
-- version 4.0.4
-- http://www.phpmyadmin.net
--
-- Host: localhost
-- Generation Time: Dec 06, 2013 at 04:07 PM
-- Server version: 5.6.12-log
-- PHP Version: 5.4.12

SET SQL_MODE = "NO_AUTO_VALUE_ON_ZERO";
SET time_zone = "+00:00";


/*!40101 SET @OLD_CHARACTER_SET_CLIENT=@@CHARACTER_SET_CLIENT */;
/*!40101 SET @OLD_CHARACTER_SET_RESULTS=@@CHARACTER_SET_RESULTS */;
/*!40101 SET @OLD_COLLATION_CONNECTION=@@COLLATION_CONNECTION */;
/*!40101 SET NAMES utf8 */;

--
-- Database: `attendencetracker`
--
CREATE DATABASE IF NOT EXISTS `attendencetracker` DEFAULT CHARACTER SET latin1 COLLATE latin1_swedish_ci;
USE `attendencetracker`;

-- --------------------------------------------------------

--
-- Table structure for table `activeteam`
--

CREATE TABLE IF NOT EXISTS `activeteam` (
  `ID` int(11) NOT NULL AUTO_INCREMENT,
  `TeamID` int(11) NOT NULL,
  PRIMARY KEY (`ID`)
) ENGINE=MyISAM  DEFAULT CHARSET=latin1 AUTO_INCREMENT=7 ;

--
-- Dumping data for table `activeteam`
--

INSERT INTO `activeteam` (`ID`, `TeamID`) VALUES
(6, 9),
(3, 6),
(5, 8);

-- --------------------------------------------------------

--
-- Table structure for table `attendee`
--

CREATE TABLE IF NOT EXISTS `attendee` (
  `ID` int(11) NOT NULL AUTO_INCREMENT COMMENT 'Primary Key',
  `FirstName` varchar(30) NOT NULL,
  `LastName` varchar(30) NOT NULL,
  `MiddleName` varchar(30) DEFAULT NULL,
  `NickName` varchar(30) DEFAULT NULL,
  `StreetAddress` varchar(75) DEFAULT NULL,
  `Zip` varchar(5) DEFAULT NULL,
  `HomePhone` varchar(12) DEFAULT NULL,
  `CellPhone` varchar(12) DEFAULT NULL,
  `CanReceiveTxt` enum('yes','no') DEFAULT 'no',
  `Facebook` enum('yes','no') DEFAULT 'no',
  `Myspace` enum('yes','no') DEFAULT 'no',
  `Occupation` varchar(50) DEFAULT NULL,
  `WorkPhone` varchar(12) DEFAULT NULL,
  `PictureURL` varchar(75) DEFAULT NULL COMMENT 'URL of attendee''s picture',
  `Email` varchar(50) DEFAULT NULL,
  `FavoriteThings` text,
  `PicturePolicy` enum('full','partial','no') DEFAULT 'no',
  `ReleaseForm` enum('yes','no') DEFAULT 'no',
  `ReleaseFormUpdate` date DEFAULT '0000-00-00',
  `TShirtSize` enum('xs','s','m','l','xl','xxl') DEFAULT NULL,
  `BroughtBy` varchar(75) DEFAULT NULL COMMENT 'Who brought them to youth',
  `Sex` enum('male','female') NOT NULL,
  `Ethnicity` varchar(50) DEFAULT NULL,
  `DOB` date NOT NULL,
  `SubDiscriminator` enum('student','sponsor','other') DEFAULT NULL COMMENT 'Sub Type Discriminator',
  `DateSaved` date DEFAULT '0000-00-00',
  `DateBaptized` date DEFAULT '0000-00-00',
  `DateHolyGhost` date DEFAULT '0000-00-00' COMMENT 'Date filled with the Holy Ghost',
  `Notes` text,
  `extra1` int(11) DEFAULT NULL,
  `extra2` int(11) DEFAULT NULL,
  `extra3` int(11) DEFAULT NULL,
  `Active` enum('yes','no') NOT NULL DEFAULT 'yes',
  `LastModified` timestamp NOT NULL DEFAULT CURRENT_TIMESTAMP ON UPDATE CURRENT_TIMESTAMP COMMENT 'Last date the attendee object was modified.',
  PRIMARY KEY (`ID`)
) ENGINE=MyISAM  DEFAULT CHARSET=latin1 COMMENT='This is the supertype for all attendees of youth' AUTO_INCREMENT=105 ;

--
-- Dumping data for table `attendee`
--

INSERT INTO `attendee` (`ID`, `FirstName`, `LastName`, `MiddleName`, `NickName`, `StreetAddress`, `Zip`, `HomePhone`, `CellPhone`, `CanReceiveTxt`, `Facebook`, `Myspace`, `Occupation`, `WorkPhone`, `PictureURL`, `Email`, `FavoriteThings`, `PicturePolicy`, `ReleaseForm`, `ReleaseFormUpdate`, `TShirtSize`, `BroughtBy`, `Sex`, `Ethnicity`, `DOB`, `SubDiscriminator`, `DateSaved`, `DateBaptized`, `DateHolyGhost`, `Notes`, `extra1`, `extra2`, `extra3`, `Active`, `LastModified`) VALUES
(1, 'Amelia', 'Hauck', 'M', 'Molly', '6440 Allton Park Rd', '65203', '5734459885', '5738235726', 'yes', 'yes', 'no', 'NULL', 'NULL', 'YAT_Photos/AmeliaHauck.jpg', 'hauckh@centurytel.net', 'gymnastics, sewing, pick-up games (basketball, dodgeball, etc.), painting my nails, singing, playing the piano', 'full', 'no', '2013-01-10', 's', 'parents', 'female', 'NULL', '1997-10-09', 'student', '2000-07-01', '2005-07-01', '2007-06-27', 'Cell phone is mom''s (Gayla Hauck);', NULL, NULL, NULL, 'yes', '2013-10-17 15:32:29'),
(2, 'Connor', 'Fitzmaurice', 'P', 'NULL', '1103 Brookedale Ct', '65203', '5734434331', '5734895772', 'no', 'yes', 'no', 'NULL', 'NULL', 'NULL', 'kantunaBcool@yahoo.com', 'Xbox 360, TV', 'full', 'no', '2012-03-21', 'm', 'Missy Nichols', 'male', 'NULL', '1998-04-08', 'student', '0000-00-00', '1998-04-08', '0000-00-00', 'Connor and his sister Anne started coming with Sis. Missy Nichols, She has babysat them for a long time.', NULL, NULL, NULL, 'no', '2013-09-24 17:02:42'),
(11, 'Nathan', 'Proctor', 'T', 'Speedy', '7654 E Spiva Crossing', '65255', '5736962536', 'NULL', 'no', 'no', 'no', 'NULL', 'NULL', 'NULL', 'NULL', 'Hunting, Fishing', 'full', 'no', '2012-03-21', 'm', 'NULL', 'male', 'NULL', '1999-01-30', 'student', '0000-00-00', '0000-00-00', '0000-00-00', 'Nathan\\''s parents have attended Praise for several years.  His older sister Katlin attends youth group as well.', NULL, NULL, NULL, 'no', '2013-01-24 16:34:07'),
(12, 'Ashley', 'Carter', 'L', 'NULL', '1700 Prathersville Rd', '65202', '5734436195', '5732395848', 'yes', 'yes', 'no', 'NULL', 'NULL', 'NULL', 'acarter1224@gmail.com', 'Basketball, Soccer, Sports', 'full', 'no', '2012-07-25', 'm', 'NULL', 'female', 'NULL', '1992-12-24', 'sponsor', '0000-00-00', '0000-00-00', '0000-00-00', 'Faithful, dedicated, All 3 siblings attended youth group.', NULL, NULL, NULL, 'no', '2013-02-13 18:00:47'),
(13, 'Craig', 'Carter', 'A', 'NULL', '1700 Prathersville Rd', '65202', '5734436195', '5738082710', 'yes', 'yes', 'no', 'NULL', 'NULL', 'YAT_Photos/CraigCarter.jpg', 'ccarter530@gmail.com', 'Soccer, basketball, TV, video games', 'full', 'no', '2013-09-19', 'xl', 'NULL', 'male', 'NULL', '1995-05-30', 'student', '0000-00-00', '0000-00-00', '0000-00-00', 'NULL', NULL, NULL, NULL, 'yes', '2013-09-24 17:07:32'),
(14, 'Zach', 'Franklin', 'T', 'NULL', '1649 Colonial Hill Drive', '65251', '5736429271', '5738261203', 'yes', 'yes', 'no', 'NULL', 'NULL', 'YAT_Photos/ZachFranklin.jpg', 'qualitysd@socket.net', 'All sports, fishing, hunting, hanging with family and friends', 'full', 'no', '2013-01-09', 'm', 'NULL', 'male', 'NULL', '1997-11-17', 'student', '2008-08-01', '2008-08-24', '0000-00-00', 'T-shirt size is adult.', NULL, NULL, NULL, 'yes', '2013-02-21 00:33:33'),
(15, 'Aaron', 'Coker', 'NULL', 'NULL', 'NULL', '65202', '5732393602', '5738253678', 'yes', 'no', 'no', 'NULL', 'NULL', 'NULL', '5738817027', 'running around, jumping off stuff parcore?', 'full', 'no', '2013-09-07', 's', 'Kayla Hampton', 'male', 'NULL', '1994-06-18', 'student', '0000-00-00', '0000-00-00', '0000-00-00', 'Living with mom now.', NULL, NULL, NULL, 'yes', '2013-09-24 19:26:45'),
(16, 'Katlin', 'Proctor', 'M', 'NULL', '7654 E Spiva Crossing', '65255', '5736962536', '5732682520', 'yes', 'no', 'no', 'NULL', '5736962536', 'NULL', 'Katlinproctor@gmail.com', 'Hunting, spending time with family, basketball, vacations, babysitting', 'full', 'no', '2012-03-21', 'm', 'NULL', 'female', 'NULL', '1996-03-08', 'student', '2005-01-01', '2001-01-01', '2003-01-01', 'Holy Ghost filled 03?  T-shirt size is M or L.', NULL, NULL, NULL, 'no', '2013-01-24 16:34:10'),
(17, 'Andrew', 'Knowles', 'NULL', 'NULL', 'NULL', '65202', 'NULL', 'NULL', 'no', 'no', 'no', 'NULL', 'NULL', 'NULL', 'NULL', 'NULL', 'no', 'no', '2010-01-01', 'xs', 'NULL', 'male', 'NULL', '1994-05-27', 'student', '0000-00-00', '0000-00-00', '0000-00-00', 'NULL', NULL, NULL, NULL, 'no', '2012-08-09 15:49:46'),
(18, 'Richard', 'Knowles', 'A', 'Austin', '4102 Jungle Tree Dr', '65202', '5734741225', '5732569599', 'yes', 'yes', 'no', 'NULL', 'NULL', 'NULL', 'aksqueeze47@gmail.com', 'NULL', 'full', 'no', '2011-06-01', 'xxl', 'NULL', 'male', 'NULL', '1992-09-08', 'student', '0000-00-00', '0000-00-00', '0000-00-00', 'NULL', NULL, NULL, NULL, 'no', '2013-09-25 23:15:33'),
(19, 'Taylor', 'Lebsock', 'D', 'NULL', '9401 E Davis Rd', '65240', 'NULL', '5738819110', 'yes', 'yes', 'no', 'Retail - Cracker Barrel', 'NULL', 'NULL', 'tdlebsock@gmail.com', 'Hanging with family, friends, racing, hunting, fishing, bow shooting.', 'no', 'no', '2010-01-01', 's', 'NULL', 'female', 'NULL', '1993-05-31', 'student', '0000-00-00', '2006-05-18', '2006-07-01', 'NULL', NULL, NULL, NULL, 'no', '2011-09-16 15:33:08'),
(20, 'Blake', 'Calvert', 'NULL', 'NULL', 'NULL', '65202', 'NULL', 'NULL', 'no', 'no', 'no', 'NULL', 'NULL', 'NULL', 'NULL', 'NULL', 'no', 'no', '2010-02-01', 'xs', 'NULL', 'male', 'NULL', '1992-08-06', 'student', '0000-00-00', '0000-00-00', '0000-00-00', 'NULL', NULL, NULL, NULL, 'no', '2011-09-16 15:31:42'),
(21, 'Daniel', 'Greenwell', 'NULL', 'NULL', 'NULL', '65202', 'NULL', 'NULL', 'no', 'yes', 'no', 'NULL', 'NULL', 'NULL', 'daniel_grnwll@hotmail.com', 'NULL', 'no', 'no', '0000-00-00', 'xs', 'NULL', 'male', 'NULL', '1992-05-07', 'student', '0000-00-00', '0000-00-00', '0000-00-00', 'NULL', NULL, NULL, NULL, 'yes', '2013-06-18 19:27:28'),
(22, 'Kayla', 'Hampton', 'NULL', 'NULL', '4215 Derby Ridge Dr', '65202', '5734437501', '5733031942', 'yes', 'yes', 'no', 'NULL', 'NULL', 'NULL', 'NULL', 'NULL', 'no', 'no', '2011-05-18', 'xs', 'NULL', 'female', 'NULL', '1994-01-16', 'student', '0000-00-00', '0000-00-00', '0000-00-00', 'NULL', NULL, NULL, NULL, 'no', '2011-09-16 15:32:40'),
(23, 'Kortney', 'Lebsock', 'D', 'Kort', '9401 E Davis Rd', '65240', 'NULL', '5738819113', 'yes', 'yes', 'no', 'NULL', 'NULL', 'NULL', 'flickagirl10@gmail.com', 'Basketball, fishing, hunting, racing, hanging out with friends and family.', 'no', 'no', '2010-01-01', 'xs', 'NULL', 'female', 'NULL', '1996-06-30', 'student', '2004-01-01', '2006-05-18', '2009-07-01', 'NULL', NULL, NULL, NULL, 'no', '2011-09-16 15:33:06'),
(24, 'Lydia', 'Perrigo', 'N', 'NULL', 'NULL', '65202', 'NULL', 'NULL', 'no', 'yes', 'no', 'NULL', 'NULL', 'NULL', 'lytfire1@aol.com', 'NULL', 'no', 'no', '2010-01-01', 'xs', 'NULL', 'female', 'NULL', '1994-03-14', 'student', '0000-00-00', '0000-00-00', '0000-00-00', 'NULL', NULL, NULL, NULL, 'no', '2013-09-24 17:02:53'),
(25, 'Blake', 'Wyatt', 'NULL', 'NULL', 'NULL', '65202', 'NULL', 'NULL', 'no', 'yes', 'no', 'NULL', 'NULL', 'NULL', 'NULL', 'NULL', 'no', 'no', '2010-01-01', 'xs', 'NULL', 'male', 'NULL', '1998-12-11', 'student', '0000-00-00', '0000-00-00', '0000-00-00', 'NULL', NULL, NULL, NULL, 'no', '2011-09-28 16:15:50'),
(26, 'Brittany', 'Cope', 'N', 'Britt', '5300 Cottage Lane', '65201', '5734494964', '5738238068', 'yes', 'yes', 'no', 'NULL', 'NULL', 'YAT_Photos/BrittanyCope.jpg', 'brittcope@gmail.com', 'Tae Kwon Do, volleyball, bowling, golf cart driving, swimming.', 'full', 'no', '2013-01-09', 'm', 'Vic and Sheila Winn (Grandparents)', 'female', 'NULL', '1996-06-19', 'student', '0000-00-00', '0000-00-00', '0000-00-00', 'NULL', NULL, NULL, NULL, 'yes', '2013-02-14 00:15:43'),
(27, 'Avery', 'Kemp', 'L', 'NULL', '8500 Trails West Dr', '65202', '5733564513', '5733569213', 'yes', 'yes', 'no', 'NULL', 'NULL', 'NULL', 'a.kemp64@yahoo.com', 'Going to Tigers football games, love going to church and learning, hanging with friends and family,', 'no', 'no', '0000-00-00', 'l', 'Parents-John and Wanda', 'male', 'NULL', '1996-04-20', 'student', '0000-00-00', '0000-00-00', '0000-00-00', 'Avery''s cell phone 573-3568496.  Goes to other church with grandma.  Going to West Junior next year.', NULL, NULL, NULL, 'no', '2012-08-09 15:49:36'),
(28, 'Natalia', 'Hardesty', 'NULL', 'NULL', 'NULL', '65202', '5734466356', '5738641787', 'yes', 'yes', 'no', 'NULL', 'NULL', 'NULL', 'sadiemaehardesty@gmail.com', 'NULL', 'no', 'no', '0000-00-00', 'xs', 'NULL', 'female', 'NULL', '1998-01-01', 'student', '0000-00-00', '0000-00-00', '0000-00-00', 'NULL', NULL, NULL, NULL, 'no', '2011-09-16 15:32:44'),
(29, 'Kortlen', 'Conn', 'NULL', 'NULL', '4809 Bullhead Lane', '65202', '5732144535', 'NULL', 'no', 'yes', 'no', 'NULL', 'NULL', 'NULL', 'NULL', 'NULL', 'no', 'no', '2011-06-03', 'xs', 'NULL', 'male', 'NULL', '1997-08-14', 'student', '0000-00-00', '0000-00-00', '0000-00-00', 'NULL', NULL, NULL, NULL, 'no', '2011-09-16 15:31:54'),
(30, 'Abby', 'Schneider', 'NULL', 'NULL', '7149 Hollingsworth Dr', '46268', '3172931499', 'NULL', 'no', 'yes', 'no', 'NULL', 'NULL', 'NULL', 'NULL', 'NULL', 'no', 'no', '0000-00-00', 'xs', 'NULL', 'female', 'NULL', '1995-10-14', 'student', '0000-00-00', '0000-00-00', '0000-00-00', 'Kinned to Carters, comes when visiting.', NULL, NULL, NULL, 'no', '2011-09-28 16:15:36'),
(31, 'Lilly', 'Schneider', 'NULL', 'NULL', '7149 Hollingsworth Dr', '46268', '3172931499', '3173399262', 'yes', 'yes', 'no', 'NULL', 'NULL', 'NULL', '3173399262', 'NULL', 'no', 'no', '0000-00-00', 'xs', 'NULL', 'female', 'NULL', '1994-09-14', 'student', '0000-00-00', '0000-00-00', '0000-00-00', 'Kinned to Carters and comes when visits.', NULL, NULL, NULL, 'no', '2011-09-28 16:15:37'),
(32, 'Steven', 'Burks', 'NULL', 'NULL', 'NULL', '65202', '5738860174', '5734242419', 'yes', 'yes', 'no', 'NULL', 'NULL', 'NULL', 'soopersabb@aol.com', 'NULL', 'no', 'no', '2011-06-01', 'xs', 'NULL', 'male', 'NULL', '1994-06-04', 'student', '0000-00-00', '0000-00-00', '0000-00-00', 'NULL', NULL, NULL, NULL, 'no', '2011-09-13 20:37:01'),
(33, 'Brandon', 'Burroughs', 'A', 'NULL', '208 West Alhambra Dr', '65203', 'NULL', '5738230587', 'yes', 'yes', 'no', 'NULL', 'NULL', 'NULL', 'brandonbrendjade@yahoo.com', 'NULL', 'no', 'no', '0000-00-00', 'l', 'NULL', 'male', 'NULL', '1992-03-30', 'student', '2009-07-08', '0000-00-00', '0000-00-00', 'NULL', NULL, NULL, NULL, 'no', '2011-09-16 15:31:37'),
(34, 'Brenda', 'Harris', 'L', 'Beana', '207 W Alhambra Dr', '65203', 'NULL', '5738237887', 'yes', 'yes', 'no', 'NULL', 'NULL', 'NULL', 'beanacreede17@yahoo.com', 'Reading, singing, working', 'no', 'no', '0000-00-00', 'm', 'Brandon Burroughs', 'female', 'NULL', '1992-07-20', 'student', '0000-00-00', '0000-00-00', '0000-00-00', 'Friend of Brandon Burroughs.  Talked to her and she said she likes our church, has been to several other churches.', NULL, NULL, NULL, 'no', '2011-09-16 15:32:46'),
(41, 'Jordan', 'Perkins', 'W', 'Earnest Earl', '18583 Brady Ln', '65233', '6608803976', 'NULL', 'no', 'yes', 'no', 'Food Runner - Boat in Booneville', 'NULL', 'NULL', 'NULL', 'Guitar', 'no', 'no', '0000-00-00', 'xl', 'Harold Perkins', 'male', 'NULL', '1991-06-27', 'student', '0000-00-00', '0000-00-00', '0000-00-00', 'Harold Perkins\\'' grandson.  His dad Harold Wayne passed away in 2009.', NULL, NULL, NULL, 'no', '2012-08-09 15:49:53'),
(42, 'Christian', 'Welch', 'G', 'Chris', 'NULL', '65202', 'NULL', '5736732119', 'yes', 'yes', 'no', 'NULL', 'NULL', 'NULL', 'chrisw12@hotmail.com', 'NULL', 'no', 'no', '0000-00-00', 'l', 'Connor Fitzmaurice', 'male', 'NULL', '1998-06-02', 'student', '0000-00-00', '0000-00-00', '0000-00-00', 'NULL', NULL, NULL, NULL, 'no', '2011-09-28 16:15:47'),
(43, 'Jeff', 'Gowin', 'R', 'NULL', '145 Pinegrove Mobile Park', '65202', '5738868552', '5732288805', 'yes', 'yes', 'no', 'NULL', 'NULL', 'NULL', 'GowinJeff@yahoo.com', 'Reading, writing, martial arts, reading Bible, hanging with friends, chillin, going to church, meditating, xbox, swimming, food and drinking challenges, challenges in general.', 'full', 'no', '2011-02-05', 'm', 'NULL', 'male', 'NULL', '1991-09-02', 'student', '0000-00-00', '0000-00-00', '0000-00-00', 'NULL', NULL, NULL, NULL, 'no', '2011-09-16 15:32:34'),
(44, 'Veronica', 'Riley', 'K', 'NULL', 'NULL', '65202', 'NULL', '5734244667', 'yes', 'yes', 'no', 'NULL', 'NULL', 'NULL', 'xox_sexy_kay_xox@yahoo.com', 'NULL', '', 'no', '0000-00-00', '', 'NULL', 'female', 'NULL', '1991-12-24', 'student', '0000-00-00', '0000-00-00', '0000-00-00', 'Veronica is a friend of Kayla Hampton that has come a number of times.  She has a son.', NULL, NULL, NULL, 'no', '2011-09-28 16:15:31'),
(45, 'Nicole', 'Shippee', 'NULL', 'NULL', 'NULL', '65202', 'NULL', 'NULL', 'no', 'yes', 'no', 'NULL', 'NULL', 'NULL', 'NULL', 'NULL', '', 'no', '0000-00-00', '', 'NULL', 'female', 'NULL', '1992-10-21', 'student', '0000-00-00', '0000-00-00', '0000-00-00', 'Nicole is a friend of Kayla Hampton that has come a number of times.', NULL, NULL, NULL, 'no', '2011-09-28 16:15:44'),
(46, 'Wesley', 'Calvert', 'T', 'NULL', 'NULL', '65255', 'NULL', '5739996892', 'yes', 'yes', 'no', 'NULL', 'NULL', 'NULL', 'wesley_calvert@hallsville.org', 'NULL', '', 'no', '0000-00-00', '', 'NULL', 'male', 'NULL', '1992-08-18', 'student', '0000-00-00', '0000-00-00', '0000-00-00', 'NULL', NULL, NULL, NULL, 'no', '2011-09-16 15:31:39'),
(47, 'Skyler', 'Mongler', 'C', 'Sky', '8701 N Brown Station Rd', '65202', 'NULL', '5739990320', 'no', 'no', 'no', 'NULL', 'NULL', 'NULL', 'Leonscottkennedy2011@hotmail.com', 'Play video games', 'no', 'no', '2013-09-19', 'xl', 'Grandpa', 'male', 'NULL', '1997-04-14', 'student', '0000-00-00', '0000-00-00', '0000-00-00', 'NULL', NULL, NULL, NULL, 'yes', '2013-09-24 17:06:48'),
(48, 'Robert', 'Knowles', 'NULL', 'Roberto', '4102 Jungle Tree Dr', '65202', 'NULL', '5736392583', 'yes', 'yes', 'no', 'NULL', 'NULL', 'NULL', 'robertknowles15@aol.com', 'NULL', 'full', 'no', '2011-06-01', '', 'NULL', 'male', 'NULL', '1996-02-12', 'student', '0000-00-00', '0000-00-00', '0000-00-00', 'NULL', NULL, NULL, NULL, 'no', '2012-08-09 15:49:41'),
(49, 'Jackson', 'Miller', 'K', 'NULL', '2990 Arrowhead Lake Dr.', '65205', 'NULL', '673-5319', 'no', 'no', 'no', 'NULL', 'NULL', 'NULL', 'pointguardaj@yahoo.com', 'NULL', '', 'no', '0000-00-00', '', 'NULL', 'male', 'NULL', '1997-06-04', 'student', '0000-00-00', '0000-00-00', '0000-00-00', 'NULL', NULL, NULL, NULL, 'no', '2011-09-28 16:15:14'),
(50, 'Connor', 'Sanchegraw', 'R', 'NULL', '7847 N Sheridan Blvd', '65202', 'NULL', '886-9406', 'no', 'no', 'no', 'NULL', 'NULL', 'NULL', 'NULL', 'NULL', '', 'no', '0000-00-00', '', 'NULL', 'male', 'NULL', '1999-08-25', 'student', '0000-00-00', '0000-00-00', '0000-00-00', 'NULL', NULL, NULL, NULL, 'no', '2012-08-09 15:50:17'),
(51, 'Kari', 'Cox', 'J', 'NULL', '4604 Waterloo Dr', '65202', '5736739210', '5736734315', 'yes', 'yes', 'no', 'NULL', 'NULL', 'NULL', 'pumpkincage@hotmail.com', 'NULL', 'full', 'no', '2011-05-18', '', 'Kayla Hampton', 'female', 'NULL', '1992-09-12', 'student', '0000-00-00', '0000-00-00', '0000-00-00', 'Kayla''s friend, had a baby in 2010', NULL, NULL, NULL, 'no', '2011-09-16 15:32:01'),
(52, 'Josh', 'Cramer', 'L', 'NULL', 'NULL', '65202', 'NULL', '5736732651', 'yes', 'yes', 'no', 'NULL', 'NULL', 'NULL', 'crmr_jsh@yahoo.com', 'NULL', '', 'no', '0000-00-00', '', 'NULL', 'male', 'NULL', '1991-10-05', 'student', '0000-00-00', '0000-00-00', '0000-00-00', 'Kari\\''s friend, brother\\''s name is Justin Cramer', NULL, NULL, NULL, 'no', '2011-09-16 15:32:05'),
(53, 'Justin', 'Cramer', 'S', 'NULL', 'NULL', '65202', 'NULL', 'NULL', 'no', 'yes', 'no', 'NULL', 'NULL', 'NULL', 'NULL', 'NULL', '', 'no', '0000-00-00', '', 'NULL', 'male', 'NULL', '1990-01-17', 'student', '0000-00-00', '0000-00-00', '0000-00-00', 'Kari\\''s friend, brother\\''s name is Josh Cramer', NULL, NULL, NULL, 'no', '2011-09-16 15:31:59'),
(54, 'Hayley', 'Cunningham', 'NULL', 'NULL', 'NULL', '65202', 'NULL', 'NULL', 'no', 'no', 'no', 'NULL', 'NULL', 'NULL', 'NULL', 'NULL', '', 'no', '0000-00-00', '', 'NULL', 'female', 'NULL', '1993-07-13', 'student', '0000-00-00', '0000-00-00', '0000-00-00', 'NULL', NULL, NULL, NULL, 'no', '2011-09-16 15:32:15'),
(55, 'Steven', 'Huffman', 'NULL', 'NULL', 'NULL', '65202', 'NULL', 'NULL', 'no', 'no', 'no', 'NULL', 'NULL', 'NULL', 'NULL', 'NULL', '', 'no', '0000-00-00', '', 'NULL', 'male', 'NULL', '1997-01-03', 'student', '0000-00-00', '0000-00-00', '0000-00-00', 'NULL', NULL, NULL, NULL, 'no', '2011-09-16 15:32:49'),
(56, 'Chris', 'Huffman', 'NULL', 'NULL', 'NULL', '65202', 'NULL', 'NULL', 'no', 'no', 'no', 'NULL', 'NULL', 'NULL', 'NULL', 'NULL', '', 'no', '0000-00-00', '', 'NULL', 'male', 'NULL', '1992-09-13', 'student', '0000-00-00', '0000-00-00', '0000-00-00', 'NULL', NULL, NULL, NULL, 'no', '2011-09-16 15:32:51'),
(57, 'Jeremy', 'Sturm', 'E', 'NULL', '4904 Bullhead Lane', '65202', '5738140279', '5739990505', 'no', 'no', 'no', 'NULL', 'NULL', 'YAT_Photos/JeremySturm.jpg', 'edward63432@gmail.com', 'Biking, video games, hanging out with friends, go to church', 'partial', 'no', '2013-01-26', 'm', 'Pastor Jason', 'male', 'NULL', '1996-05-06', 'student', '0000-00-00', '0000-00-00', '0000-00-00', 'NULL', NULL, NULL, NULL, 'yes', '2013-09-24 17:09:20'),
(58, 'Austin', 'Foley', 'A', 'NULL', '9351 North Rt E', '65256', '5739999469', 'NULL', 'no', 'yes', 'no', 'NULL', 'NULL', 'NULL', 'NULL', 'NULL', '', 'no', '2011-05-23', 'm', 'Kayla Hampton', 'male', 'NULL', '1994-09-09', 'student', '0000-00-00', '0000-00-00', '0000-00-00', 'Came with Kayla (Kayla''s boyfriend), goes to other churches on Sunday and a different night, has a Christian background it seems', NULL, NULL, NULL, 'no', '2011-09-16 15:32:28'),
(59, 'Sally', 'Kessell', 'NULL', 'NULL', '715 Lyon St', '65201', '5738750887', 'NULL', 'no', 'no', 'no', 'NULL', 'NULL', 'NULL', 'NULL', 'NULL', 'no', 'no', '2011-05-07', 's', 'Kayla Hampton', 'female', 'NULL', '1995-02-16', 'student', '0000-00-00', '0000-00-00', '0000-00-00', 'Has come a few times with Kayla, came to attend the lock-in in 2011', NULL, NULL, NULL, 'no', '2011-09-16 15:32:56'),
(60, 'Keegan', 'McGonagle', 'NULL', 'NULL', '1214 Dunbar Dr', '65203', '5734492294', 'NULL', 'no', 'no', 'no', 'NULL', 'NULL', 'NULL', 'NULL', 'NULL', 'full', 'no', '0000-00-00', 'l', 'Brittany Cope', 'male', 'NULL', '1995-07-13', 'student', '0000-00-00', '0000-00-00', '0000-00-00', 'Brittany\\''s boyfriend, has come to events only, attends another church (Christian Chapel?)', NULL, NULL, NULL, 'no', '2011-09-16 15:33:09'),
(61, 'Seth', 'Sanders', 'NULL', 'NULL', 'NULL', '65202', 'NULL', 'NULL', 'no', 'no', 'no', 'NULL', 'NULL', 'NULL', 'NULL', 'NULL', 'no', 'no', '0000-00-00', 'xs', 'NULL', 'male', 'NULL', '1993-05-29', 'student', '0000-00-00', '0000-00-00', '0000-00-00', 'Jeff Gowin\\''s friend. Came with Skylar Bias.', NULL, NULL, NULL, 'no', '2011-09-28 16:15:34'),
(62, 'Skylar', 'Bias', 'L', 'Sky', 'NULL', '65202', 'NULL', '5732020332', 'yes', 'no', 'no', 'NULL', 'NULL', 'NULL', 'NULL', 'NULL', 'no', 'no', '0000-00-00', 'xs', 'NULL', 'female', 'NULL', '1994-09-30', 'student', '0000-00-00', '0000-00-00', '0000-00-00', 'Came with Seth Sanders and Jeff Gowin.  Works during Sunday AM.  Lives close to church.', NULL, NULL, NULL, 'no', '2011-09-13 20:36:57'),
(63, 'Gunnar', 'Durk', 'NULL', 'Kiwi', '945 Co. Rd 112', '65248', 'NULL', 'NULL', 'no', 'no', 'no', 'NULL', 'NULL', 'NULL', 'NULL', 'NULL', '', 'no', '0000-00-00', '', 'NULL', 'male', 'NULL', '1998-10-13', 'student', '0000-00-00', '0000-00-00', '0000-00-00', 'NULL', NULL, NULL, NULL, 'no', '2012-08-09 15:49:19'),
(64, 'Matthew', 'Dunfee', 'W', 'Tadpole', '20738 Butter Boughford Rd', 'NULL', 'NULL', 'NULL', 'no', 'yes', 'no', 'Sunrise Cafe', 'NULL', 'NULL', 'Matthew_dunfee@hotmail.com', 'fishing, hunting, boating, baseball, basketball, ultimate Frisbee, sky diving, swimming', 'no', 'no', '0000-00-00', 'm', 'Jeff Gowin', 'male', 'NULL', '1992-08-24', 'student', '0000-00-00', '0000-00-00', '0000-00-00', 'NULL', NULL, NULL, NULL, 'no', '2011-09-16 15:32:20'),
(65, 'Christian', 'Yoder', 'A', 'Chris', 'NULL', 'NULL', 'NULL', 'NULL', 'no', 'no', 'no', 'NULL', 'NULL', 'NULL', 'NULL', 'NULL', 'no', 'no', '0000-00-00', 'm', 'NULL', 'male', 'NULL', '1994-09-30', 'student', '0000-00-00', '0000-00-00', '0000-00-00', 'NULL', NULL, NULL, NULL, 'no', '2011-09-28 16:15:51'),
(66, 'Haylee', 'Crane', 'NULL', 'NULL', 'NULL', 'NULL', 'NULL', 'NULL', 'no', 'no', 'no', 'NULL', 'NULL', 'YAT_Photos/HayleeCrane.jpg', 'NULL', 'NULL', '', 'no', '0000-00-00', '', 'NULL', 'female', 'NULL', '1999-09-12', 'student', '0000-00-00', '0000-00-00', '0000-00-00', 'NULL', NULL, NULL, NULL, 'no', '2013-09-24 17:02:01'),
(67, 'Addisyn', 'Creed', 'NULL', 'NULL', 'NULL', 'NULL', 'NULL', 'NULL', 'no', 'no', 'no', 'NULL', 'NULL', 'NULL', 'NULL', 'NULL', '', 'no', '0000-00-00', '', 'NULL', 'female', 'NULL', '2000-09-12', 'student', '0000-00-00', '0000-00-00', '0000-00-00', 'Need exact birthday, only 10', NULL, NULL, NULL, 'no', '2011-09-16 15:32:11'),
(68, 'Jacob', 'Knowles', 'NULL', 'NULL', 'NULL', 'NULL', 'NULL', 'NULL', 'no', 'no', 'no', 'NULL', 'NULL', 'NULL', 'NULL', 'NULL', '', 'no', '0000-00-00', '', 'NULL', 'male', 'NULL', '1994-05-18', 'student', '0000-00-00', '0000-00-00', '0000-00-00', 'NULL', NULL, NULL, NULL, 'no', '2011-09-16 15:33:02'),
(69, 'Kaylee', 'Betz', 'NULL', 'NULL', 'NULL', 'NULL', 'NULL', 'NULL', 'no', 'no', 'no', 'NULL', 'NULL', 'NULL', 'NULL', 'NULL', '', 'no', '0000-00-00', '', 'NULL', 'female', 'NULL', '1999-12-27', 'student', '0000-00-00', '0000-00-00', '0000-00-00', 'NULL', NULL, NULL, NULL, 'no', '2011-09-15 00:04:36'),
(70, 'Joslyn', 'Turner', 'NULL', 'NULL', 'NULL', 'NULL', 'NULL', 'NULL', 'no', 'no', 'no', 'NULL', 'NULL', 'NULL', 'jturner719@gmail.com', 'NULL', '', 'no', '0000-00-00', '', 'NULL', 'female', 'NULL', '1999-07-19', 'student', '0000-00-00', '0000-00-00', '0000-00-00', 'NULL', NULL, NULL, NULL, 'no', '2012-08-09 15:50:26'),
(71, 'Ryan', 'Skelton', 'D', 'NULL', 'NULL', 'NULL', 'NULL', 'NULL', 'no', 'no', 'no', 'NULL', 'NULL', 'YAT_Photos/RyanSkelton.jpg', 'NULL', 'NULL', '', 'no', '2013-09-06', '', 'NULL', 'male', 'NULL', '1999-01-05', 'student', '0000-00-00', '0000-00-00', '0000-00-00', 'NULL', NULL, NULL, NULL, 'yes', '2013-09-24 19:25:21'),
(72, 'Gage', 'Oestreich', 'NULL', 'NULL', 'NULL', 'NULL', 'NULL', 'NULL', 'no', 'no', 'no', 'NULL', 'NULL', 'NULL', 'NULL', 'NULL', '', 'no', '0000-00-00', '', 'NULL', 'male', 'NULL', '1997-10-24', 'student', '0000-00-00', '0000-00-00', '0000-00-00', 'NULL', NULL, NULL, NULL, 'no', '2012-08-09 15:49:51'),
(73, 'Josh', 'Quick', 'NULL', 'NULL', 'NULL', 'NULL', 'NULL', 'NULL', 'no', 'no', 'no', 'NULL', 'NULL', 'NULL', 'NULL', 'NULL', '', 'no', '0000-00-00', '', 'NULL', 'male', 'NULL', '1999-04-05', 'student', '0000-00-00', '0000-00-00', '0000-00-00', 'NULL', NULL, NULL, NULL, 'no', '2012-08-09 15:50:12'),
(74, 'Greg', 'Plymell', 'NULL', 'NULL', 'NULL', 'NULL', 'NULL', 'NULL', 'no', 'no', 'no', 'NULL', 'NULL', 'NULL', 'NULL', 'NULL', '', 'no', '0000-00-00', '', 'NULL', 'male', 'NULL', '1993-03-20', 'student', '0000-00-00', '0000-00-00', '0000-00-00', 'NULL', NULL, NULL, NULL, 'no', '2013-01-24 16:34:13'),
(75, 'Romeo', 'Montague', 'A', 'NULL', 'NULL', 'NULL', 'NULL', 'NULL', 'no', 'no', 'no', 'NULL', 'NULL', 'NULL', 'NULL', 'NULL', '', 'no', '0000-00-00', '', 'NULL', 'male', 'NULL', '1998-12-17', 'student', '0000-00-00', '0000-00-00', '0000-00-00', 'NULL', NULL, NULL, NULL, 'no', '2013-01-24 16:34:17'),
(76, 'Jacob', 'Knowles', 'M', 'NULL', 'NULL', 'NULL', 'NULL', 'NULL', 'no', 'no', 'no', 'NULL', 'NULL', 'NULL', 'NULL', 'NULL', '', 'no', '0000-00-00', '', 'NULL', 'male', 'NULL', '1998-02-15', 'student', '0000-00-00', '0000-00-00', '0000-00-00', 'NULL', NULL, NULL, NULL, 'no', '2012-08-09 15:49:43'),
(77, 'Rosie', 'Nowlin', 'NULL', 'NULL', 'NULL', 'NULL', 'NULL', 'NULL', 'no', 'yes', 'no', 'NULL', 'NULL', 'YAT_Photos/RoseKnowlin.jpg', 'rosie1983@hotmail.com', 'NULL', '', 'no', '0000-00-00', '', 'NULL', 'female', 'NULL', '1995-07-07', 'student', '0000-00-00', '0000-00-00', '0000-00-00', 'NULL', NULL, NULL, NULL, 'yes', '2013-02-21 00:34:17'),
(78, 'Kailee', 'Bradshaw', 'P', 'NULL', '3909 McGee Rd (65202)', 'NULL', '5735141245', '5733563098', 'yes', 'yes', 'no', 'NULL', 'NULL', 'YAT_Photos/KaileeBradshaw.jpg', 'kpbradshaw316@gmail.com', 'Softball, shopping', 'no', 'no', '0000-00-00', 'xs', 'Haylee Crane', 'female', 'NULL', '2000-03-16', 'student', '0000-00-00', '0000-00-00', '0000-00-00', 'NULL', NULL, NULL, NULL, 'no', '2013-09-24 17:02:29'),
(79, 'Ellie', 'Rodgers', 'NULL', 'NULL', 'NULL', 'NULL', 'NULL', 'NULL', 'no', 'no', 'no', 'NULL', 'NULL', 'NULL', 'NULL', 'NULL', 'full', 'no', '2012-03-22', 'xs', 'NULL', 'female', 'NULL', '2000-10-22', 'student', '0000-00-00', '0000-00-00', '0000-00-00', 'This is a friend of Anne Fitzmaurice that came ice skating with us.', NULL, NULL, NULL, 'no', '2012-05-03 15:15:06'),
(80, 'Caleb', 'Yoder', 'NULL', 'NULL', 'NULL', 'NULL', 'NULL', 'NULL', 'no', 'no', 'no', 'NULL', 'NULL', 'NULL', 'NULL', 'NULL', '', 'no', '0000-00-00', '', 'NULL', 'male', 'NULL', '1999-03-15', 'student', '0000-00-00', '0000-00-00', '0000-00-00', 'NULL', NULL, NULL, NULL, 'no', '2012-08-09 15:50:29'),
(81, 'Ann', 'Fitzmaurice', 'NULL', 'NULL', '1103 Brookedale Ct', 'NULL', '5734434121', 'NULL', 'no', 'no', 'no', 'NULL', 'NULL', 'NULL', 'NULL', 'NULL', 'no', 'no', '2012-03-21', 'xs', 'NULL', 'female', 'NULL', '2000-08-05', 'student', '0000-00-00', '0000-00-00', '0000-00-00', 'NULL', NULL, NULL, NULL, 'no', '2013-09-24 17:02:15'),
(82, 'Izzy', 'Culwell', 'NULL', 'NULL', 'NULL', '65255', 'NULL', 'NULL', 'no', 'no', 'no', 'NULL', 'NULL', 'NULL', 'NULL', 'NULL', '', 'no', '0000-00-00', '', 'Haylee Crane', 'female', 'NULL', '2000-02-15', 'student', '0000-00-00', '0000-00-00', '0000-00-00', 'NULL', NULL, NULL, NULL, 'no', '2013-09-24 17:02:08'),
(87, 'Joe', 'Somebody', 'NULL', 'NULL', 'NULL', '65202', 'NULL', 'NULL', 'no', 'no', 'no', 'NULL', 'NULL', 'NULL', 'NULL', 'NULL', '', 'no', '0000-00-00', '', 'Amelia Hauck', 'male', 'NULL', '2000-02-04', 'student', '0000-00-00', '0000-00-00', '0000-00-00', 'NULL', NULL, NULL, NULL, 'no', '2012-08-09 15:50:21'),
(88, 'Brooke', 'Wyatt', 'NULL', 'NULL', 'NULL', '65255', 'NULL', 'NULL', 'no', 'no', 'no', 'NULL', 'NULL', 'YAT_Photos/BrookeWyatt.jpg', 'NULL', 'NULL', '', 'no', '0000-00-00', '', 'NULL', 'female', 'NULL', '2000-06-03', 'student', '0000-00-00', '0000-00-00', '0000-00-00', 'NULL', NULL, NULL, NULL, 'yes', '2013-02-14 00:15:59'),
(89, 'Isaac', 'Franklin', 'NULL', 'NULL', '1649 Colonial Hill', '65251', 'NULL', '573-356-15', 'no', 'yes', 'no', 'NULL', 'NULL', 'YAT_Photos/IsaacFranklin.jpg', 'NULL', 'NULL', 'full', 'no', '2013-01-09', '', 'NULL', 'male', 'NULL', '1999-04-29', 'student', '0000-00-00', '0000-00-00', '0000-00-00', 'NULL', NULL, NULL, NULL, 'yes', '2013-02-21 00:33:16'),
(90, 'Karla', 'Grullon', 'A', 'NULL', '5709 Oswago Circle', '65201', 'NULL', '5732072161', 'yes', 'yes', 'no', 'NULL', 'NULL', 'YAT_Photos/KarlaGrullon.jpg', 'karlagru@hotmail.com', 'softball, camping, swimming, skiing, wakeboarding, shopping, hanging with friends', 'partial', 'no', '2013-01-23', 's', 'parents', 'female', 'NULL', '1998-10-26', 'student', '0000-00-00', '0000-00-00', '0000-00-00', 'NULL', NULL, NULL, NULL, 'yes', '2013-09-24 17:09:01'),
(91, 'Joshua', 'Johnson', 'NULL', 'NULL', 'NULL', '65202', 'NULL', 'NULL', 'no', 'no', 'no', 'NULL', 'NULL', 'NULL', 'NULL', 'NULL', '', 'no', '0000-00-00', '', 'NULL', 'male', 'NULL', '2004-12-27', 'student', '0000-00-00', '0000-00-00', '0000-00-00', 'NULL', NULL, NULL, NULL, 'no', '2013-09-25 23:15:26'),
(92, 'Manuel', 'Familia', 'NULL', 'NULL', '3609 Topanga Dr', '65202', '5738236231', 'NULL', 'no', 'no', 'no', 'NULL', 'NULL', 'NULL', 'NULL', 'NULL', 'full', 'no', '2013-09-04', '', 'NULL', 'male', 'NULL', '1997-08-02', 'student', '0000-00-00', '0000-00-00', '0000-00-00', 'NULL', NULL, NULL, NULL, 'yes', '2013-09-24 19:23:12'),
(93, 'Gabriel', 'Familia', 'NULL', 'NULL', '3609 Topanga Dr', '65202', '5738236231', 'NULL', 'no', 'no', 'no', 'NULL', 'NULL', 'YAT_Photos/GabrielFamilia.jpg', 'NULL', 'NULL', 'full', 'no', '2013-09-04', '', 'NULL', 'male', 'NULL', '2000-10-06', 'student', '0000-00-00', '0000-00-00', '0000-00-00', 'NULL', NULL, NULL, NULL, 'yes', '2013-10-16 23:17:24'),
(94, 'Victor', 'Familia', 'NULL', 'NULL', '3609 Topanga Dr', '65202', '5738236231', 'NULL', 'no', 'no', 'no', 'NULL', 'NULL', 'NULL', 'NULL', 'NULL', 'full', 'no', '2013-09-04', '', 'NULL', 'male', 'NULL', '1998-11-20', 'student', '0000-00-00', '0000-00-00', '0000-00-00', 'NULL', NULL, NULL, NULL, 'yes', '2013-09-24 19:22:07'),
(95, 'Sami', 'Crawford', 'NULL', 'NULL', 'NULL', '65202', 'NULL', 'NULL', 'no', 'no', 'no', 'NULL', 'NULL', 'NULL', 'NULL', 'NULL', 'no', 'no', '0000-00-00', 'xs', 'Daniel Greenwell', 'female', 'NULL', '1998-03-30', 'student', '0000-00-00', '0000-00-00', '0000-00-00', 'NULL', NULL, NULL, NULL, 'no', '2013-09-24 17:03:08'),
(96, 'Sam', 'Slinker', 'NULL', 'NULL', 'NULL', '65202', 'NULL', 'NULL', 'no', 'no', 'no', 'NULL', 'NULL', 'NULL', 'NULL', 'NULL', 'no', 'no', '0000-00-00', 'xs', 'Karla Grullon', 'female', 'NULL', '1999-03-05', 'student', '0000-00-00', '0000-00-00', '0000-00-00', 'NULL', NULL, NULL, NULL, 'no', '2013-09-24 17:02:57'),
(97, 'Laura', 'Grullon', 'NULL', 'NULL', 'NULL', '65202', 'NULL', 'NULL', 'no', 'no', 'no', 'NULL', 'NULL', 'NULL', 'NULL', 'NULL', 'no', 'no', '0000-00-00', 'xs', 'Karla Grullon', 'female', 'NULL', '2000-06-27', 'student', '0000-00-00', '0000-00-00', '0000-00-00', 'NULL', NULL, NULL, NULL, 'no', '2013-09-24 17:02:47'),
(98, 'Sabrina', 'French', 'N', 'Frenchy', '3516 La Mesa Dr', '65201', '5732289221', '5738251824', 'yes', 'no', 'no', 'NULL', 'NULL', 'YAT_Photos/SabrinaFrench.jpg', 'frenchbeans10@hotmail.com', 'art, music, sports', 'full', 'no', '2013-09-04', 'm', 'mom', 'female', 'NULL', '1999-10-25', 'student', '0000-00-00', '0000-00-00', '0000-00-00', 'NULL', NULL, NULL, NULL, 'yes', '2013-10-16 23:04:14'),
(99, 'Emilee', 'Hicks', 'NULL', 'NULL', 'NULL', '65202', 'NULL', 'NULL', 'no', 'no', 'no', 'NULL', 'NULL', 'NULL', 'NULL', 'NULL', 'no', 'no', '0000-00-00', 'xs', 'NULL', 'female', 'NULL', '2000-08-06', 'student', '0000-00-00', '0000-00-00', '0000-00-00', 'NULL', NULL, NULL, NULL, 'yes', '2013-09-18 23:55:26'),
(100, 'Braden', 'Jones', 'NULL', 'NULL', '16750 N Willet Rd', '65240', 'NULL', 'NULL', 'no', 'no', 'no', 'NULL', 'NULL', 'NULL', 'NULL', 'NULL', 'full', 'no', '2013-09-19', 'xs', 'NULL', 'male', 'NULL', '2001-07-09', 'student', '0000-00-00', '0000-00-00', '0000-00-00', 'Doesn\\''t come to youth but came to our 2013 Lockin Sept. 20.', NULL, NULL, NULL, 'yes', '2013-09-24 17:05:48'),
(101, 'Luke', 'Lohmeyer', 'NULL', 'NULL', '7511 Old 54', '65256', '5736420524', 'NULL', 'no', 'no', 'no', 'NULL', 'NULL', 'NULL', 'NULL', 'NULL', 'no', 'no', '0000-00-00', 'xs', 'NULL', 'male', 'NULL', '1997-12-23', 'student', '0000-00-00', '0000-00-00', '0000-00-00', 'Zach\\''s friend that came on our 2013 Bike-a-thon Sept. 7', NULL, NULL, NULL, 'yes', '2013-09-24 17:12:45'),
(102, 'Alaysha', 'Lee', 'NULL', 'NULL', 'NULL', '65202', 'NULL', 'NULL', 'no', 'no', 'no', 'NULL', 'NULL', 'NULL', 'NULL', 'NULL', '', 'no', '0000-00-00', '', 'NULL', 'female', 'NULL', '2000-12-31', 'student', '0000-00-00', '0000-00-00', '0000-00-00', 'NULL', NULL, NULL, NULL, 'yes', '2013-10-10 00:00:04'),
(103, 'Hope', 'Crane', 'NULL', 'NULL', 'NULL', '65202', 'NULL', 'NULL', 'no', 'no', 'no', 'NULL', 'NULL', 'NULL', 'NULL', 'NULL', 'no', 'no', '0000-00-00', 'xs', 'NULL', 'female', 'NULL', '2001-11-20', 'student', '0000-00-00', '0000-00-00', '0000-00-00', 'NULL', NULL, NULL, NULL, 'yes', '2013-10-10 00:01:55'),
(104, 'Lana', 'Hicks', 'NULL', 'NULL', 'NULL', '65202', 'NULL', 'NULL', 'no', 'no', 'no', 'NULL', 'NULL', 'NULL', 'NULL', 'NULL', '', 'no', '0000-00-00', '', 'NULL', 'female', 'NULL', '2001-04-09', 'student', '0000-00-00', '0000-00-00', '0000-00-00', 'NULL', NULL, NULL, NULL, 'yes', '2013-10-10 00:03:57');

-- --------------------------------------------------------

--
-- Table structure for table `errorlog`
--

CREATE TABLE IF NOT EXISTS `errorlog` (
  `ID` int(11) NOT NULL AUTO_INCREMENT,
  `log` longtext NOT NULL,
  PRIMARY KEY (`ID`)
) ENGINE=MyISAM  DEFAULT CHARSET=latin1 AUTO_INCREMENT=5 ;

--
-- Dumping data for table `errorlog`
--

INSERT INTO `errorlog` (`ID`, `log`) VALUES
(1, 'There was an error setting the service with ID  value of submitted to yes: error code:  1064; error description:  You have an error in your SQL syntax; check the manual that corresponds to your MySQL server version for the right syntax to use near '' at line 1.'),
(2, 'There was an error setting the service with ID  value of submitted to yes: error code:  1064; error description:  You have an error in your SQL syntax; check the manual that corresponds to your MySQL server version for the right syntax to use near '' at line 1.'),
(3, 'There was an error setting the service with ID  value of submitted to yes: error code:  1064; error description:  You have an error in your SQL syntax; check the manual that corresponds to your MySQL server version for the right syntax to use near '' at line 1.'),
(4, 'There was an error setting the service with ID  value of submitted to yes: error code:  1064; error description:  You have an error in your SQL syntax; check the manual that corresponds to your MySQL server version for the right syntax to use near '' at line 1.');

-- --------------------------------------------------------

--
-- Table structure for table `role`
--

CREATE TABLE IF NOT EXISTS `role` (
  `ID` int(11) NOT NULL AUTO_INCREMENT,
  `Name` text NOT NULL COMMENT 'Name of the Role',
  `Description` mediumtext NOT NULL COMMENT 'Description of the role, with purposes',
  PRIMARY KEY (`ID`)
) ENGINE=MyISAM DEFAULT CHARSET=latin1 AUTO_INCREMENT=1 ;

-- --------------------------------------------------------

--
-- Table structure for table `service`
--

CREATE TABLE IF NOT EXISTS `service` (
  `ID` int(11) NOT NULL AUTO_INCREMENT,
  `Date` date NOT NULL COMMENT 'Service''s Date',
  `Title` text COMMENT 'Title for service (optional)',
  `EventType` varchar(100) DEFAULT NULL COMMENT 'Type of Event, if any, special',
  `Description` longtext COMMENT 'Any extra information on service',
  `submitted` enum('yes','no') NOT NULL DEFAULT 'yes',
  PRIMARY KEY (`ID`),
  UNIQUE KEY `Date` (`Date`,`EventType`)
) ENGINE=MyISAM  DEFAULT CHARSET=latin1 AUTO_INCREMENT=207 ;

--
-- Dumping data for table `service`
--

INSERT INTO `service` (`ID`, `Date`, `Title`, `EventType`, `Description`, `submitted`) VALUES
(2, '1999-02-16', 'NULL', 'Youth Service', 'Had to change the date from 2011-02-16 to the current because of database discrepancy.  Did not want to delete data.  Not sure why their are two services with this date with different student data.  For now, will leave both.  Had to change to allow for unique index on Date and EventType.', 'yes'),
(32, '2011-04-20', 'NULL', 'Youth Service', NULL, 'yes'),
(31, '2011-04-13', 'NULL', 'Youth Service', NULL, 'yes'),
(30, '2011-03-30', 'NULL', 'Youth Service', NULL, 'yes'),
(29, '2011-03-16', 'NULL', 'Youth Service', NULL, 'yes'),
(28, '2011-03-09', 'NULL', 'Youth Service', NULL, 'yes'),
(27, '2011-02-23', 'NULL', 'Youth Service', NULL, 'yes'),
(26, '2011-02-16', 'NULL', 'Youth Service', NULL, 'yes'),
(25, '2011-01-26', 'NULL', 'Youth Service', NULL, 'yes'),
(24, '2011-03-29', 'NULL', 'Youth Service', NULL, 'yes'),
(23, '2010-11-03', 'NULL', 'Youth Service', NULL, 'yes'),
(22, '2011-01-15', 'NULL', 'Youth Service', NULL, 'yes'),
(21, '2010-12-22', 'NULL', 'Youth Service', NULL, 'yes'),
(20, '2010-12-15', 'NULL', 'Youth Service', NULL, 'yes'),
(17, '2010-11-17', 'NULL', 'Youth Service', NULL, 'yes'),
(18, '2010-12-01', 'NULL', 'Youth Service', NULL, 'yes'),
(19, '2010-12-08', 'NULL', 'Youth Service', NULL, 'yes'),
(39, '2011-06-01', 'NULL', 'Youth Service', NULL, 'yes'),
(38, '2011-05-04', 'NULL', 'Youth Service', NULL, 'yes'),
(37, '2011-04-27', 'NULL', 'Youth Service', NULL, 'yes'),
(40, '2011-06-08', 'NULL', 'Youth Service', NULL, 'yes'),
(41, '2011-06-15', 'NULL', 'Youth Service', NULL, 'yes'),
(42, '2011-06-22', 'NULL', 'Youth Service', NULL, 'yes'),
(43, '2011-06-29', 'NULL', 'Youth Service', NULL, 'yes'),
(44, '2011-07-06', 'NULL', 'Youth Service', NULL, 'yes'),
(45, '2011-07-13', 'NULL', 'Youth Service', NULL, 'yes'),
(46, '2011-07-20', 'NULL', 'Youth Service', NULL, 'yes'),
(47, '2011-07-27', 'NULL', 'Youth Service', NULL, 'yes'),
(48, '2011-08-03', 'NULL', 'Youth Service', NULL, 'yes'),
(49, '2011-08-10', 'NULL', 'Youth Service', NULL, 'yes'),
(50, '2011-08-17', 'NULL', 'Youth Service', NULL, 'yes'),
(51, '2011-08-24', 'NULL', 'Youth Service', NULL, 'yes'),
(52, '2011-08-31', 'NULL', 'Youth Service', NULL, 'yes'),
(53, '2011-09-07', 'NULL', 'Youth Service', NULL, 'yes'),
(54, '2011-09-14', 'NULL', 'Youth Service', NULL, 'yes'),
(55, '2011-09-21', 'NULL', 'Youth Service', NULL, 'yes'),
(56, '2011-09-28', 'NULL', 'Youth Service', NULL, 'yes'),
(57, '2011-10-05', 'NULL', 'Youth Service', NULL, 'yes'),
(58, '2011-10-12', 'NULL', 'Youth Service', NULL, 'yes'),
(59, '2011-11-02', 'NULL', 'Youth Service', NULL, 'yes'),
(60, '2011-11-09', 'NULL', 'Youth Service', NULL, 'yes'),
(61, '2011-11-16', 'NULL', 'Youth Service', NULL, 'yes'),
(62, '2011-11-30', 'NULL', 'Youth Service', NULL, 'yes'),
(63, '2011-12-07', 'NULL', 'Youth Service', NULL, 'yes'),
(64, '2011-12-14', 'NULL', 'Youth Service', NULL, 'yes'),
(65, '2011-12-28', 'NULL', 'Youth Service', NULL, 'yes'),
(69, '2012-01-04', 'NULL', 'Youth Service', NULL, 'yes'),
(68, '1998-03-25', 'NULL', 'Youth Service', NULL, 'yes'),
(70, '2012-01-11', 'NULL', 'Youth Service', NULL, 'yes'),
(71, '2012-01-18', 'NULL', 'Youth Service', NULL, 'yes'),
(72, '2012-01-25', 'NULL', 'Youth Service', NULL, 'yes'),
(73, '2012-02-01', 'NULL', 'Youth Service', NULL, 'yes'),
(74, '2012-02-08', 'NULL', 'Youth Service', NULL, 'yes'),
(75, '2012-02-15', 'NULL', 'Youth Service', NULL, 'yes'),
(76, '2012-02-22', 'NULL', 'Youth Service', NULL, 'yes'),
(77, '2012-02-29', 'NULL', 'Youth Service', NULL, 'yes'),
(78, '2012-03-07', 'NULL', 'Youth Service', NULL, 'yes'),
(79, '2012-03-14', 'NULL', 'Youth Service', NULL, 'yes'),
(80, '2012-03-21', 'NULL', 'Youth Service', NULL, 'yes'),
(81, '2012-03-28', 'NULL', 'Youth Service', NULL, 'yes'),
(82, '2012-04-04', 'NULL', 'Youth Service', NULL, 'yes'),
(83, '2012-04-11', 'NULL', 'Youth Service', NULL, 'yes'),
(84, '2012-04-18', 'NULL', 'Youth Service', NULL, 'yes'),
(85, '2012-04-25', 'NULL', 'Youth Service', NULL, 'yes'),
(86, '2012-05-02', 'NULL', 'Youth Service', NULL, 'yes'),
(87, '2012-05-09', 'NULL', 'Youth Service', NULL, 'yes'),
(88, '2012-05-16', 'NULL', 'Youth Service', NULL, 'yes'),
(89, '2012-05-23', 'NULL', 'Youth Service', NULL, 'yes'),
(90, '2012-05-30', 'NULL', 'Youth Service', NULL, 'yes'),
(91, '2012-06-06', 'NULL', 'Youth Service', NULL, 'yes'),
(92, '2012-06-13', 'NULL', 'Youth Service', NULL, 'yes'),
(93, '2012-06-20', 'NULL', 'Youth Service', NULL, 'yes'),
(144, '2012-08-15', 'NULL', 'Youth Service', NULL, 'yes'),
(142, '2012-08-08', 'NULL', 'Youth Service', NULL, 'yes'),
(141, '2012-08-01', 'NULL', 'Youth Service', NULL, 'yes'),
(133, '2012-07-11', 'NULL', 'Youth Service', NULL, 'yes'),
(132, '0000-00-00', 'NULL', 'Youth Service', NULL, 'no'),
(140, '2012-07-25', 'NULL', 'Youth Service', NULL, 'yes'),
(139, '2012-07-18', 'NULL', 'Youth Service', NULL, 'yes'),
(137, '2012-01-10', 'NULL', 'Youth Service', NULL, 'yes'),
(145, '2012-08-22', 'NULL', 'Youth Service', NULL, 'yes'),
(146, '2012-08-29', 'NULL', 'Youth Service', NULL, 'yes'),
(147, '2012-09-05', 'NULL', 'Youth Service', NULL, 'yes'),
(148, '2012-09-12', 'NULL', 'Youth Service', NULL, 'yes'),
(149, '2012-09-19', 'NULL', 'Youth Service', NULL, 'yes'),
(150, '2012-09-26', 'NULL', 'Youth Service', NULL, 'yes'),
(151, '2012-10-10', 'NULL', 'Youth Service', NULL, 'yes'),
(152, '2012-10-17', 'NULL', 'Youth Service', NULL, 'yes'),
(153, '2012-10-24', 'NULL', 'Youth Service', NULL, 'yes'),
(154, '2012-10-31', 'NULL', 'Youth Service', NULL, 'yes'),
(155, '2012-11-07', 'NULL', 'Youth Service', NULL, 'yes'),
(156, '2012-11-14', 'NULL', 'Youth Service', NULL, 'yes'),
(157, '2012-11-28', 'NULL', 'Youth Service', NULL, 'yes'),
(158, '2012-12-05', 'NULL', 'Youth Service', NULL, 'no'),
(159, '2012-12-19', 'NULL', 'Youth Service', NULL, 'yes'),
(160, '2013-01-02', 'NULL', 'Youth Service', NULL, 'yes'),
(161, '2013-01-09', 'NULL', 'Youth Service', NULL, 'yes'),
(162, '2013-01-16', 'NULL', 'Youth Service', NULL, 'yes'),
(164, '2013-01-23', 'NULL', 'Youth Service', NULL, 'yes'),
(165, '2013-01-30', 'NULL', 'Youth Service', NULL, 'yes'),
(166, '2013-02-06', 'NULL', 'Youth Service', NULL, 'yes'),
(167, '2013-02-13', 'NULL', 'Youth Service', NULL, 'yes'),
(168, '2013-02-20', 'NULL', 'Youth Service', NULL, 'yes'),
(169, '2013-03-06', 'NULL', 'Youth Service', NULL, 'yes'),
(170, '2013-03-13', 'NULL', 'Youth Service', NULL, 'yes'),
(171, '2013-03-20', 'NULL', 'Youth Service', NULL, 'yes'),
(172, '2013-03-27', 'NULL', 'Youth Service', NULL, 'yes'),
(173, '2013-04-03', 'NULL', 'Youth Service', NULL, 'yes'),
(174, '2013-04-10', 'NULL', 'Youth Service', NULL, 'yes'),
(175, '2013-04-17', 'NULL', 'Youth Service', NULL, 'yes'),
(176, '2013-04-24', 'NULL', 'Youth Service', NULL, 'yes'),
(177, '2013-05-01', 'NULL', 'Youth Service', NULL, 'no'),
(178, '2013-05-08', 'NULL', 'Youth Service', NULL, 'yes'),
(179, '2013-05-15', 'NULL', 'Youth Service', NULL, 'yes'),
(180, '2013-05-22', 'NULL', 'Youth Service', NULL, 'yes'),
(181, '2013-06-05', 'NULL', 'Youth Service', NULL, 'yes'),
(182, '2013-05-29', 'NULL', 'Youth Service', NULL, 'yes'),
(183, '2013-06-12', 'NULL', 'Youth Service', NULL, 'no'),
(184, '2013-06-19', 'NULL', 'Youth Service', NULL, 'no'),
(185, '2013-06-26', 'NULL', 'Youth Service', NULL, 'no'),
(186, '2013-07-03', 'NULL', 'Youth Service', NULL, 'no'),
(187, '2013-07-17', 'NULL', 'Youth Service', NULL, 'yes'),
(188, '2013-07-24', 'NULL', 'Youth Service', NULL, 'yes'),
(189, '2013-07-31', 'NULL', 'Youth Service', NULL, 'yes'),
(190, '2013-08-14', 'NULL', 'Youth Service', NULL, 'yes'),
(191, '2013-08-07', 'NULL', 'Youth Service', NULL, 'yes'),
(192, '2013-08-21', 'NULL', 'Youth Service', NULL, 'yes'),
(193, '2013-08-28', 'NULL', 'Youth Service', NULL, 'yes'),
(194, '2013-09-04', 'NULL', 'Youth Service', NULL, 'yes'),
(195, '2013-09-11', 'NULL', 'Youth Service', NULL, 'yes'),
(196, '2013-09-18', 'NULL', 'Youth Service', NULL, 'yes'),
(197, '2013-09-25', 'NULL', 'Youth Service', NULL, 'yes'),
(198, '2013-10-02', 'NULL', 'Youth Service', NULL, 'yes'),
(199, '2013-10-09', 'NULL', 'Youth Service', NULL, 'yes'),
(200, '2013-10-16', 'NULL', 'Youth Service', NULL, 'yes'),
(201, '2013-10-23', 'NULL', 'Youth Service', NULL, 'yes'),
(202, '2013-10-30', 'NULL', 'Youth Service', NULL, 'yes'),
(203, '2013-11-06', 'NULL', 'Youth Service', NULL, 'yes'),
(204, '2013-11-13', 'NULL', 'Youth Service', NULL, 'yes'),
(205, '2013-11-20', 'NULL', 'Youth Service', NULL, 'yes'),
(206, '2013-12-04', 'NULL', 'Youth Service', NULL, 'no');

-- --------------------------------------------------------

--
-- Table structure for table `servicelist`
--

CREATE TABLE IF NOT EXISTS `servicelist` (
  `ID` int(11) NOT NULL AUTO_INCREMENT,
  `ServiceID` int(11) NOT NULL COMMENT 'Service''s ID, FK',
  `AttendeeID` int(11) NOT NULL COMMENT 'Attendee''s ID, FK',
  `SunSchAttend` enum('yes','no') DEFAULT NULL COMMENT 'Present previous Sunday School',
  `SunMornAttend` enum('yes','no') DEFAULT NULL COMMENT 'Present Previous Sunday AM',
  `SunEvenAttend` enum('yes','no') DEFAULT NULL COMMENT 'Present previous Sunday PM',
  `Bible` enum('yes','no') DEFAULT NULL COMMENT 'Brought Bible',
  `Visitors` int(11) DEFAULT NULL COMMENT 'Number of visitors with',
  `extrapoints` int(11) NOT NULL DEFAULT '0' COMMENT 'Individual extra points per service.',
  PRIMARY KEY (`ID`),
  UNIQUE KEY `ServiceID` (`ServiceID`,`AttendeeID`)
) ENGINE=MyISAM  DEFAULT CHARSET=latin1 COMMENT='Lists the attendees and their points per service, retains hi' AUTO_INCREMENT=1228 ;

--
-- Dumping data for table `servicelist`
--

INSERT INTO `servicelist` (`ID`, `ServiceID`, `AttendeeID`, `SunSchAttend`, `SunMornAttend`, `SunEvenAttend`, `Bible`, `Visitors`, `extrapoints`) VALUES
(1, 2, 12, 'no', 'no', 'no', 'yes', 0, 0),
(2, 2, 13, 'no', 'no', 'no', 'yes', 0, 0),
(3, 2, 18, 'yes', 'yes', 'no', 'yes', 0, 0),
(4, 2, 17, 'yes', 'yes', 'no', 'no', 0, 0),
(5, 2, 19, 'no', 'no', 'no', 'no', 0, 0),
(6, 2, 11, 'yes', 'yes', 'yes', 'no', 0, 0),
(7, 2, 14, 'yes', 'yes', 'yes', 'no', 0, 0),
(8, 2, 1, 'yes', 'yes', 'yes', 'yes', 0, 0),
(9, 2, 23, 'no', 'yes', 'no', 'no', 0, 0),
(10, 2, 16, 'no', 'yes', 'yes', 'yes', 0, 0),
(11, 17, 12, 'no', 'yes', 'no', 'no', 0, 0),
(12, 17, 13, 'no', 'yes', 'no', 'no', 0, 0),
(13, 17, 2, 'no', 'no', 'no', 'no', 0, 0),
(14, 17, 18, 'no', 'yes', 'no', 'no', 0, 0),
(15, 17, 17, 'no', 'yes', 'no', 'no', 0, 0),
(16, 17, 19, 'no', 'no', 'no', 'no', 0, 0),
(17, 17, 15, 'no', 'no', 'no', 'no', 0, 0),
(18, 17, 14, 'no', 'no', 'no', 'no', 0, 0),
(19, 17, 21, 'no', 'yes', 'yes', 'no', 0, 0),
(20, 17, 1, 'yes', 'yes', 'yes', 'yes', 0, 0),
(21, 17, 23, 'no', 'no', 'no', 'yes', 0, 0),
(22, 17, 16, 'no', 'no', 'yes', 'yes', 0, 0),
(23, 18, 12, 'no', 'yes', 'no', 'yes', 0, 0),
(24, 18, 13, 'no', 'yes', 'no', 'yes', 0, 0),
(25, 18, 2, 'no', 'no', 'no', 'no', 0, 0),
(26, 18, 18, 'no', 'no', 'no', 'no', 0, 0),
(27, 18, 17, 'no', 'no', 'no', 'no', 0, 0),
(28, 18, 11, 'yes', 'yes', 'yes', 'no', 0, 0),
(29, 18, 14, 'no', 'no', 'no', 'no', 0, 0),
(30, 18, 1, 'yes', 'yes', 'yes', 'yes', 0, 0),
(31, 18, 16, 'yes', 'yes', 'yes', 'yes', 0, 0),
(32, 18, 41, 'yes', 'yes', 'yes', 'no', 0, 0),
(33, 19, 12, 'no', 'yes', 'no', 'yes', 0, 0),
(34, 19, 13, 'no', 'yes', 'no', 'yes', 0, 0),
(35, 19, 2, 'no', 'no', 'no', 'no', 0, 0),
(36, 19, 18, 'no', 'yes', 'yes', 'no', 0, 0),
(37, 19, 17, 'no', 'yes', 'yes', 'no', 0, 0),
(38, 19, 15, 'no', 'no', 'no', 'no', 0, 0),
(39, 19, 14, 'no', 'no', 'no', 'no', 0, 0),
(40, 19, 1, 'yes', 'yes', 'yes', 'yes', 0, 0),
(41, 19, 24, 'no', 'yes', 'no', 'no', 0, 0),
(42, 20, 12, 'no', 'yes', 'no', 'yes', 0, 0),
(43, 20, 13, 'no', 'yes', 'no', 'yes', 0, 0),
(44, 20, 18, 'no', 'yes', 'yes', 'no', 0, 0),
(45, 20, 17, 'no', 'yes', 'yes', 'no', 0, 0),
(46, 20, 11, 'yes', 'yes', 'yes', 'no', 0, 0),
(47, 20, 14, 'yes', 'yes', 'yes', 'no', 0, 0),
(48, 20, 1, 'no', 'no', 'yes', 'yes', 0, 0),
(49, 20, 16, 'yes', 'yes', 'yes', 'no', 0, 0),
(50, 20, 41, 'no', 'no', 'no', 'no', 0, 0),
(51, 21, 20, 'no', 'yes', 'no', 'no', 0, 0),
(52, 21, 12, 'no', 'yes', 'no', 'no', 1, 0),
(53, 21, 13, 'no', 'yes', 'no', 'no', 1, 0),
(54, 21, 2, 'no', 'no', 'no', 'no', 0, 0),
(55, 21, 18, 'no', 'yes', 'yes', 'no', 0, 0),
(56, 21, 19, 'no', 'yes', 'yes', 'yes', 0, 0),
(57, 21, 11, 'yes', 'yes', 'no', 'no', 0, 0),
(58, 21, 25, 'no', 'yes', 'no', 'no', 0, 0),
(59, 21, 30, 'no', 'no', 'no', 'no', 0, 0),
(60, 21, 31, 'no', 'no', 'no', 'no', 0, 0),
(61, 21, 21, 'no', 'yes', 'yes', 'no', 0, 0),
(62, 21, 22, 'no', 'no', 'no', 'no', 2, 0),
(63, 21, 23, 'no', 'yes', 'yes', 'yes', 0, 0),
(64, 21, 16, 'yes', 'yes', 'yes', 'no', 0, 0),
(65, 21, 32, 'no', 'no', 'no', 'no', 0, 0),
(66, 21, 1, 'no', 'yes', 'yes', 'yes', 0, 0),
(67, 21, 44, 'no', 'no', 'no', 'no', 0, 0),
(68, 21, 45, 'no', 'no', 'no', 'no', 0, 0),
(70, 22, 20, 'no', 'yes', 'no', 'no', 0, 0),
(71, 22, 12, 'no', 'no', 'no', 'yes', 0, 0),
(72, 22, 13, 'no', 'no', 'no', 'yes', 0, 0),
(73, 22, 2, 'no', 'no', 'no', 'no', 0, 0),
(74, 22, 18, 'no', 'yes', 'no', 'yes', 0, 0),
(75, 22, 17, 'no', 'yes', 'no', 'no', 0, 0),
(76, 22, 19, 'no', 'no', 'no', 'yes', 0, 0),
(77, 22, 11, 'yes', 'no', 'no', 'yes', 0, 0),
(78, 22, 15, 'no', 'no', 'no', 'no', 0, 0),
(79, 22, 1, 'yes', 'yes', 'yes', 'yes', 0, 0),
(80, 22, 23, 'no', 'yes', 'no', 'yes', 0, 0),
(81, 22, 16, 'yes', 'yes', 'no', 'no', 0, 0),
(82, 22, 41, 'no', 'no', 'no', 'no', 0, 0),
(83, 22, 46, 'no', 'no', 'no', 'no', 0, 0),
(84, 23, 12, 'no', 'no', 'no', 'yes', 0, 0),
(85, 23, 13, 'no', 'no', 'no', 'yes', 0, 0),
(86, 23, 18, 'no', 'yes', 'no', 'no', 0, 0),
(87, 23, 15, 'no', 'no', 'no', 'no', 0, 0),
(88, 23, 14, 'no', 'no', 'no', 'no', 0, 0),
(89, 23, 21, 'no', 'yes', 'yes', 'no', 0, 0),
(90, 23, 1, 'yes', 'yes', 'no', 'yes', 0, 0),
(91, 23, 16, 'no', 'yes', 'no', 'yes', 0, 0),
(92, 24, 12, 'no', 'yes', 'no', 'yes', 0, 0),
(93, 24, 13, 'no', 'yes', 'no', 'yes', 0, 0),
(94, 24, 2, 'no', 'no', 'no', 'no', 0, 0),
(95, 24, 18, 'no', 'yes', 'yes', 'no', 0, 0),
(96, 24, 17, 'no', 'yes', 'yes', 'no', 0, 0),
(97, 24, 11, 'yes', 'yes', 'yes', 'yes', 0, 0),
(98, 24, 25, 'no', 'no', 'no', 'no', 0, 0),
(99, 24, 14, 'yes', 'yes', 'yes', 'no', 0, 0),
(100, 24, 1, 'yes', 'yes', 'yes', 'yes', 0, 0),
(101, 24, 16, 'yes', 'yes', 'yes', 'no', 0, 0),
(102, 25, 12, 'no', 'yes', 'no', 'yes', 0, 0),
(103, 25, 13, 'no', 'no', 'no', 'yes', 0, 0),
(104, 25, 2, 'no', 'no', 'no', 'no', 0, 0),
(105, 25, 18, 'no', 'no', 'yes', 'no', 0, 0),
(106, 25, 17, 'no', 'no', 'yes', 'no', 0, 0),
(107, 25, 19, 'no', 'yes', 'no', 'yes', 0, 0),
(108, 25, 11, 'no', 'yes', 'yes', 'no', 0, 0),
(109, 25, 42, 'no', 'no', 'no', 'no', 0, 0),
(110, 25, 15, 'no', 'no', 'no', 'no', 0, 0),
(111, 25, 14, 'no', 'yes', 'yes', 'yes', 0, 0),
(112, 25, 1, 'no', 'yes', 'yes', 'yes', 0, 0),
(113, 25, 23, 'no', 'yes', 'yes', 'yes', 0, 0),
(114, 25, 16, 'no', 'no', 'no', 'no', 0, 0),
(115, 25, 41, 'no', 'no', 'no', 'no', 0, 0),
(116, 26, 12, 'no', 'yes', 'no', 'yes', 0, 0),
(117, 26, 13, 'no', 'yes', 'no', 'yes', 0, 0),
(118, 26, 2, 'no', 'no', 'no', 'no', 0, 0),
(119, 26, 18, 'no', 'yes', 'no', 'yes', 0, 0),
(120, 26, 17, 'no', 'yes', 'no', 'no', 0, 0),
(121, 26, 11, 'no', 'yes', 'yes', 'yes', 0, 0),
(122, 26, 15, 'no', 'no', 'no', 'no', 0, 0),
(123, 26, 14, 'no', 'yes', 'yes', 'no', 0, 0),
(124, 26, 1, 'no', 'yes', 'yes', 'no', 0, 0),
(125, 26, 23, 'no', 'yes', 'yes', 'yes', 0, 0),
(126, 26, 24, 'no', 'no', 'no', 'no', 0, 0),
(127, 26, 16, 'no', 'yes', 'yes', 'no', 0, 0),
(128, 26, 33, 'no', 'no', 'no', 'no', 0, 0),
(129, 27, 12, 'no', 'yes', 'no', 'yes', 0, 0),
(130, 27, 13, 'no', 'yes', 'no', 'yes', 0, 0),
(131, 27, 2, 'no', 'no', 'no', 'no', 0, 0),
(132, 27, 18, 'no', 'yes', 'no', 'yes', 0, 0),
(133, 27, 17, 'no', 'yes', 'no', 'no', 0, 0),
(134, 27, 19, 'no', 'yes', 'yes', 'yes', 0, 0),
(135, 27, 11, 'yes', 'yes', 'yes', 'no', 0, 0),
(136, 27, 26, 'no', 'yes', 'no', 'yes', 0, 0),
(137, 27, 15, 'no', 'no', 'no', 'no', 0, 0),
(138, 27, 14, 'yes', 'no', 'no', 'no', 0, 0),
(139, 27, 1, 'yes', 'yes', 'yes', 'yes', 0, 0),
(140, 27, 23, 'no', 'yes', 'yes', 'yes', 0, 0),
(141, 27, 16, 'yes', 'yes', 'yes', 'yes', 0, 0),
(142, 28, 2, 'no', 'no', 'no', 'no', 0, 0),
(143, 28, 18, 'no', 'yes', 'no', 'yes', 0, 0),
(144, 28, 25, 'no', 'no', 'no', 'no', 0, 0),
(145, 28, 26, 'no', 'yes', 'no', 'yes', 0, 0),
(146, 28, 15, 'no', 'no', 'no', 'no', 0, 0),
(147, 28, 14, 'no', 'no', 'no', 'no', 0, 0),
(148, 28, 1, 'yes', 'yes', 'yes', 'yes', 0, 0),
(149, 29, 12, 'no', 'yes', 'no', 'yes', 0, 0),
(150, 29, 13, 'no', 'no', 'no', 'yes', 0, 0),
(151, 29, 2, 'no', 'no', 'no', 'no', 0, 0),
(152, 29, 11, 'yes', 'yes', 'no', 'no', 0, 0),
(153, 29, 25, 'no', 'no', 'no', 'no', 0, 0),
(154, 29, 1, 'yes', 'yes', 'yes', 'yes', 0, 0),
(155, 29, 16, 'yes', 'yes', 'no', 'yes', 0, 0),
(156, 30, 2, 'no', 'no', 'no', 'no', 0, 0),
(157, 30, 19, 'no', 'no', 'no', 'no', 0, 0),
(158, 30, 11, 'no', 'no', 'no', 'yes', 0, 0),
(159, 30, 26, 'no', 'no', 'no', 'no', 0, 0),
(160, 30, 14, 'yes', 'yes', 'no', 'no', 0, 0),
(161, 30, 43, 'no', 'no', 'no', 'no', 0, 0),
(162, 30, 1, 'no', 'no', 'no', 'yes', 0, 0),
(163, 30, 23, 'no', 'no', 'no', 'no', 0, 0),
(164, 30, 16, 'no', 'no', 'no', 'yes', 0, 0),
(165, 31, 12, 'no', 'yes', 'yes', 'yes', 0, 0),
(166, 31, 2, 'no', 'no', 'no', 'no', 0, 0),
(167, 31, 17, 'yes', 'no', 'yes', 'no', 0, 0),
(168, 31, 11, 'yes', 'yes', 'yes', 'yes', 0, 0),
(169, 31, 15, 'no', 'no', 'no', 'no', 0, 0),
(170, 31, 26, 'yes', 'yes', 'yes', 'yes', 0, 0),
(171, 31, 14, 'no', 'no', 'no', 'no', 0, 0),
(172, 31, 41, 'no', 'no', 'no', 'no', 0, 0),
(173, 31, 16, 'yes', 'yes', 'yes', 'yes', 0, 0),
(174, 32, 12, 'no', 'yes', 'yes', 'no', 0, 0),
(175, 32, 13, 'no', 'yes', 'yes', 'yes', 0, 0),
(176, 32, 2, 'no', 'no', 'no', 'yes', 0, 0),
(177, 32, 18, 'no', 'yes', 'yes', 'no', 0, 0),
(178, 32, 17, 'no', 'yes', 'yes', 'no', 0, 0),
(179, 32, 19, 'no', 'no', 'no', 'yes', 0, 0),
(180, 32, 26, 'yes', 'yes', 'yes', 'yes', 0, 0),
(181, 32, 14, 'no', 'no', 'no', 'no', 0, 0),
(182, 32, 1, 'yes', 'yes', 'yes', 'yes', 0, 0),
(183, 32, 48, 'no', 'yes', 'yes', 'no', 0, 0),
(184, 32, 23, 'yes', 'yes', 'yes', 'yes', 0, 0),
(185, 32, 47, 'no', 'no', 'no', 'no', 0, 0),
(186, 32, 41, 'no', 'no', 'no', 'no', 0, 0),
(187, 37, 13, 'no', 'yes', 'no', 'yes', 0, 0),
(188, 37, 12, 'no', 'yes', 'no', 'yes', 0, 0),
(189, 37, 2, 'no', 'no', 'no', 'no', 0, 0),
(190, 37, 27, 'no', 'no', 'no', 'yes', 0, 0),
(191, 37, 19, 'no', 'yes', 'yes', 'yes', 0, 0),
(192, 37, 32, 'no', 'no', 'no', 'yes', 0, 0),
(193, 37, 15, 'no', 'no', 'no', 'no', 0, 0),
(194, 37, 26, 'no', 'no', 'no', 'yes', 0, 0),
(195, 37, 22, 'no', 'no', 'no', 'no', 0, 0),
(196, 37, 1, 'no', 'no', 'no', 'yes', 0, 0),
(197, 37, 23, 'no', 'yes', 'yes', 'yes', 0, 0),
(198, 37, 45, 'no', 'no', 'no', 'no', 0, 0),
(199, 38, 12, 'no', 'yes', 'no', 'yes', 0, 0),
(200, 38, 13, 'no', 'yes', 'no', 'yes', 0, 0),
(201, 38, 2, 'no', 'no', 'no', 'yes', 0, 0),
(202, 38, 27, 'no', 'no', 'no', 'yes', 0, 0),
(203, 38, 18, 'yes', 'no', 'no', 'no', 0, 0),
(204, 38, 17, 'yes', 'no', 'no', 'no', 0, 0),
(205, 38, 11, 'yes', 'yes', 'no', 'yes', 0, 0),
(206, 38, 32, 'no', 'no', 'no', 'no', 0, 0),
(207, 38, 15, 'no', 'no', 'no', 'no', 0, 0),
(208, 38, 26, 'no', 'no', 'no', 'yes', 0, 0),
(209, 38, 43, 'no', 'no', 'no', 'yes', 0, 0),
(210, 38, 22, 'no', 'no', 'no', 'yes', 0, 0),
(211, 38, 1, 'yes', 'yes', 'yes', 'yes', 0, 0),
(212, 38, 23, 'no', 'yes', 'yes', 'yes', 0, 0),
(213, 38, 16, 'yes', 'yes', 'no', 'yes', 0, 0),
(214, 39, 12, 'no', 'yes', 'no', 'no', 0, 0),
(215, 39, 2, 'no', 'no', 'no', 'no', 0, 0),
(216, 39, 18, 'no', 'yes', 'no', 'no', 0, 0),
(217, 39, 19, 'no', 'no', 'no', 'yes', 0, 0),
(218, 39, 50, 'no', 'no', 'no', 'no', 0, 0),
(219, 39, 32, 'no', 'no', 'no', 'yes', 0, 0),
(220, 39, 26, 'no', 'yes', 'yes', 'yes', 0, 0),
(221, 39, 51, 'no', 'no', 'no', 'yes', 0, 0),
(222, 39, 52, 'no', 'no', 'no', 'no', 0, 0),
(223, 39, 43, 'no', 'no', 'no', 'no', 0, 0),
(224, 39, 22, 'no', 'no', 'no', 'no', 0, 0),
(225, 39, 1, 'yes', 'yes', 'yes', 'yes', 0, 0),
(226, 39, 48, 'no', 'yes', 'no', 'no', 0, 0),
(227, 39, 23, 'no', 'no', 'no', 'yes', 0, 0),
(228, 39, 47, 'no', 'no', 'no', 'no', 0, 0),
(229, 39, 41, 'no', 'no', 'no', 'no', 0, 0),
(230, 39, 16, 'yes', 'yes', 'no', 'yes', 0, 0),
(231, 40, 13, 'no', 'yes', 'no', 'yes', 0, 0),
(232, 40, 12, 'no', 'yes', 'no', 'yes', 0, 0),
(233, 40, 18, 'no', 'yes', 'no', 'yes', 0, 0),
(234, 40, 11, 'no', 'no', 'no', 'no', 0, 0),
(235, 40, 50, 'no', 'no', 'no', 'no', 0, 0),
(236, 40, 32, 'no', 'no', 'no', 'no', 0, 0),
(237, 40, 26, 'no', 'no', 'no', 'yes', 0, 0),
(238, 40, 51, 'no', 'no', 'no', 'yes', 0, 0),
(239, 40, 53, 'no', 'no', 'no', 'no', 0, 0),
(240, 40, 52, 'no', 'no', 'no', 'no', 0, 0),
(241, 40, 43, 'no', 'no', 'no', 'no', 0, 0),
(242, 40, 1, 'yes', 'yes', 'yes', 'no', 0, 0),
(243, 40, 48, 'no', 'no', 'no', 'yes', 0, 0),
(244, 41, 12, 'no', 'yes', 'no', 'yes', 0, 0),
(245, 41, 13, 'no', 'yes', 'no', 'yes', 0, 0),
(246, 41, 18, 'no', 'yes', 'no', 'yes', 0, 0),
(247, 41, 32, 'no', 'no', 'no', 'yes', 0, 0),
(248, 41, 51, 'no', 'no', 'no', 'yes', 0, 0),
(249, 41, 52, 'no', 'no', 'no', 'yes', 0, 0),
(250, 41, 14, 'no', 'no', 'no', 'no', 0, 0),
(251, 41, 43, 'no', 'no', 'no', 'no', 0, 0),
(252, 41, 22, 'no', 'no', 'no', 'no', 0, 0),
(253, 41, 1, 'no', 'no', 'no', 'yes', 0, 0),
(254, 41, 48, 'no', 'yes', 'no', 'no', 0, 0),
(255, 41, 47, 'no', 'no', 'no', 'no', 0, 0),
(256, 42, 12, 'no', 'yes', 'no', 'no', 0, 0),
(257, 42, 13, 'no', 'yes', 'no', 'no', 0, 0),
(258, 42, 56, 'no', 'no', 'no', 'no', 0, 0),
(259, 42, 55, 'no', 'no', 'no', 'no', 0, 0),
(260, 42, 27, 'no', 'no', 'no', 'no', 0, 0),
(261, 42, 11, 'yes', 'no', 'no', 'no', 0, 0),
(262, 42, 32, 'no', 'no', 'no', 'no', 0, 0),
(263, 42, 51, 'no', 'no', 'no', 'no', 0, 0),
(264, 42, 52, 'no', 'no', 'no', 'no', 0, 0),
(265, 42, 54, 'no', 'no', 'no', 'no', 0, 0),
(266, 42, 58, 'no', 'no', 'no', 'no', 0, 0),
(267, 42, 43, 'no', 'no', 'no', 'no', 0, 0),
(268, 42, 22, 'no', 'no', 'no', 'no', 0, 0),
(269, 42, 1, 'yes', 'yes', 'yes', 'yes', 0, 0),
(270, 42, 57, 'no', 'no', 'no', 'no', 0, 0),
(271, 43, 12, 'no', 'yes', 'yes', 'yes', 0, 0),
(272, 43, 13, 'no', 'yes', 'yes', 'yes', 0, 0),
(273, 43, 29, 'no', 'no', 'no', 'yes', 0, 0),
(274, 43, 2, 'no', 'no', 'no', 'no', 0, 0),
(275, 43, 18, 'no', 'yes', 'yes', 'no', 0, 0),
(276, 43, 32, 'no', 'no', 'no', 'yes', 0, 0),
(277, 43, 26, 'no', 'yes', 'no', 'yes', 0, 0),
(278, 43, 51, 'no', 'no', 'no', 'yes', 0, 0),
(279, 43, 52, 'no', 'no', 'no', 'yes', 0, 0),
(280, 43, 58, 'no', 'no', 'no', 'no', 0, 0),
(281, 43, 14, 'no', 'no', 'no', 'no', 0, 0),
(282, 43, 22, 'no', 'no', 'no', 'yes', 0, 0),
(283, 43, 1, 'yes', 'yes', 'yes', 'yes', 0, 0),
(284, 43, 45, 'no', 'no', 'no', 'no', 0, 0),
(285, 44, 12, 'no', 'no', 'yes', 'yes', 0, 0),
(286, 44, 13, 'no', 'no', 'yes', 'yes', 0, 0),
(287, 44, 18, 'no', 'no', 'no', 'yes', 0, 0),
(288, 44, 43, 'no', 'no', 'no', 'yes', 0, 0),
(289, 44, 1, 'yes', 'yes', 'yes', 'yes', 0, 0),
(290, 44, 48, 'no', 'no', 'no', 'yes', 0, 0),
(291, 44, 23, 'no', 'no', 'no', 'yes', 0, 0),
(292, 44, 57, 'no', 'no', 'no', 'no', 0, 0),
(293, 45, 12, 'no', 'yes', 'yes', 'yes', 0, 0),
(294, 45, 13, 'no', 'yes', 'no', 'yes', 0, 0),
(295, 45, 2, 'no', 'no', 'no', 'yes', 0, 0),
(296, 45, 18, 'no', 'yes', 'no', 'yes', 0, 0),
(297, 45, 19, 'no', 'no', 'no', 'yes', 0, 0),
(298, 45, 11, 'yes', 'yes', 'yes', 'no', 0, 0),
(299, 45, 26, 'no', 'yes', 'no', 'yes', 0, 0),
(300, 45, 14, 'yes', 'yes', 'yes', 'no', 0, 0),
(301, 45, 23, 'no', 'yes', 'no', 'yes', 0, 0),
(302, 45, 16, 'yes', 'yes', 'yes', 'yes', 0, 0),
(303, 45, 57, 'no', 'no', 'no', 'no', 0, 0),
(304, 46, 12, 'no', 'yes', 'no', 'yes', 0, 0),
(305, 46, 13, 'no', 'yes', 'no', 'yes', 0, 0),
(306, 46, 2, 'no', 'no', 'no', 'yes', 0, 0),
(307, 46, 18, 'no', 'yes', 'yes', 'no', 0, 0),
(308, 46, 11, 'yes', 'yes', 'no', 'no', 0, 0),
(309, 46, 1, 'yes', 'yes', 'yes', 'yes', 0, 0),
(310, 46, 48, 'no', 'no', 'no', 'yes', 0, 0),
(311, 46, 23, 'no', 'yes', 'no', 'yes', 0, 0),
(312, 46, 16, 'yes', 'yes', 'no', 'yes', 0, 0),
(313, 47, 62, 'no', 'no', 'no', 'yes', 0, 0),
(314, 47, 13, 'no', 'no', 'no', 'yes', 0, 0),
(315, 47, 12, 'no', 'no', 'no', 'yes', 0, 0),
(316, 47, 43, 'no', 'no', 'no', 'yes', 0, 0),
(317, 47, 1, 'no', 'no', 'no', 'yes', 0, 0),
(318, 47, 18, 'no', 'yes', 'no', 'yes', 0, 0),
(319, 47, 16, 'no', 'yes', 'no', 'yes', 0, 0),
(320, 47, 61, 'no', 'no', 'no', 'yes', 0, 0),
(321, 48, 26, 'yes', 'yes', 'yes', 'yes', 0, 0),
(322, 48, 63, 'no', 'no', 'no', 'no', 0, 0),
(323, 48, 2, 'no', 'no', 'no', 'yes', 0, 0),
(324, 48, 14, 'yes', 'yes', 'yes', 'no', 0, 0),
(325, 48, 43, 'no', 'no', 'no', 'yes', 0, 0),
(326, 48, 1, 'no', 'no', 'no', 'yes', 0, 0),
(327, 48, 18, 'no', 'yes', 'no', 'yes', 0, 0),
(328, 48, 16, 'yes', 'yes', 'no', 'yes', 0, 0),
(329, 49, 12, 'no', 'no', 'no', 'yes', 0, 0),
(330, 49, 13, 'no', 'no', 'no', 'yes', 0, 0),
(331, 49, 26, 'yes', 'yes', 'yes', 'yes', 0, 0),
(332, 49, 64, 'no', 'no', 'no', 'no', 0, 0),
(333, 49, 63, 'no', 'no', 'no', 'yes', 0, 0),
(334, 49, 14, 'yes', 'yes', 'yes', 'no', 0, 0),
(335, 49, 43, 'no', 'no', 'no', 'no', 0, 0),
(336, 49, 1, 'yes', 'yes', 'yes', 'yes', 0, 0),
(337, 49, 48, 'yes', 'yes', 'yes', 'yes', 0, 0),
(338, 49, 18, 'no', 'yes', 'yes', 'no', 0, 0),
(339, 50, 12, 'no', 'yes', 'no', 'yes', 0, 0),
(340, 50, 13, 'no', 'yes', 'no', 'no', 0, 0),
(341, 50, 26, 'yes', 'yes', 'yes', 'yes', 0, 0),
(342, 50, 66, 'no', 'no', 'no', 'yes', 0, 0),
(343, 50, 67, 'no', 'no', 'no', 'no', 0, 0),
(344, 50, 2, 'no', 'no', 'no', 'yes', 0, 0),
(345, 50, 14, 'yes', 'no', 'no', 'yes', 0, 0),
(346, 50, 1, 'yes', 'yes', 'yes', 'yes', 0, 0),
(347, 50, 48, 'no', 'no', 'no', 'yes', 0, 0),
(348, 50, 18, 'no', 'yes', 'no', 'no', 0, 0),
(349, 50, 16, 'yes', 'yes', 'yes', 'yes', 0, 0),
(350, 50, 11, 'yes', 'yes', 'no', 'yes', 0, 0),
(351, 50, 50, 'yes', 'no', 'no', 'no', 0, 0),
(352, 50, 65, 'no', 'no', 'no', 'no', 0, 0),
(353, 51, 13, 'yes', 'no', 'no', 'no', 0, 0),
(354, 51, 66, 'yes', 'yes', 'yes', 'yes', 0, 0),
(355, 51, 14, 'yes', 'yes', 'yes', 'no', 0, 0),
(356, 51, 43, 'yes', 'yes', 'yes', 'yes', 0, 0),
(357, 51, 1, 'no', 'no', 'no', 'no', 0, 0),
(358, 51, 48, 'no', 'no', 'no', 'no', 0, 0),
(359, 51, 18, 'no', 'yes', 'no', 'no', 0, 0),
(360, 51, 68, 'no', 'yes', 'no', 'no', 0, 0),
(361, 51, 16, 'yes', 'yes', 'no', 'yes', 0, 0),
(362, 51, 11, 'yes', 'no', 'no', 'no', 0, 0),
(363, 51, 50, 'yes', 'no', 'no', 'no', 0, 0),
(364, 52, 14, 'yes', 'yes', 'yes', 'no', 0, 0),
(365, 52, 1, 'yes', 'yes', 'yes', 'yes', 0, 0),
(366, 52, 18, 'no', 'yes', 'no', 'no', 0, 0),
(367, 52, 16, 'yes', 'yes', 'no', 'no', 0, 0),
(368, 52, 50, 'no', 'no', 'no', 'no', 0, 0),
(369, 53, 13, 'no', 'no', 'no', 'no', 0, 0),
(370, 53, 66, 'yes', 'yes', 'no', 'yes', 0, 0),
(371, 53, 2, 'no', 'no', 'no', 'yes', 0, 0),
(372, 53, 14, 'no', 'no', 'no', 'no', 0, 0),
(373, 53, 1, 'yes', 'yes', 'no', 'yes', 0, 0),
(374, 53, 18, 'no', 'yes', 'no', 'no', 0, 0),
(375, 53, 16, 'yes', 'yes', 'no', 'yes', 0, 0),
(376, 53, 11, 'yes', 'yes', 'no', 'no', 0, 0),
(377, 54, 66, 'yes', 'yes', 'yes', 'yes', 0, 0),
(378, 54, 14, 'yes', 'no', 'no', 'yes', 0, 0),
(379, 54, 1, 'no', 'no', 'yes', 'yes', 0, 0),
(380, 54, 11, 'no', 'no', 'yes', 'no', 0, 0),
(381, 54, 16, 'no', 'no', 'yes', 'no', 0, 0),
(382, 54, 50, 'yes', 'yes', 'yes', 'no', 0, 0),
(383, 55, 15, 'no', 'no', 'no', 'no', 0, 0),
(384, 55, 26, 'yes', 'yes', 'yes', 'yes', 0, 0),
(385, 55, 66, 'yes', 'yes', 'no', 'yes', 0, 0),
(386, 55, 2, 'no', 'no', 'no', 'no', 0, 0),
(387, 55, 14, 'yes', 'yes', 'yes', 'no', 0, 0),
(388, 55, 1, 'yes', 'yes', 'no', 'yes', 0, 0),
(389, 55, 18, 'no', 'no', 'no', 'no', 0, 0),
(390, 56, 13, 'yes', 'yes', 'yes', 'yes', 0, 0),
(391, 56, 15, 'no', 'no', 'no', 'no', 0, 0),
(392, 56, 26, 'yes', 'yes', 'yes', 'yes', 0, 0),
(393, 56, 66, 'no', 'no', 'no', 'yes', 0, 0),
(394, 56, 14, 'yes', 'yes', 'no', 'no', 0, 0),
(395, 56, 1, 'no', 'no', 'no', 'no', 0, 0),
(396, 56, 48, 'yes', 'yes', 'yes', 'no', 0, 0),
(397, 56, 18, 'no', 'no', 'no', 'no', 0, 0),
(398, 56, 41, 'no', 'no', 'no', 'no', 0, 0),
(399, 56, 11, 'yes', 'yes', 'yes', 'no', 0, 0),
(400, 56, 50, 'no', 'no', 'no', 'no', 0, 0),
(401, 57, 13, 'no', 'yes', 'no', 'yes', 0, 0),
(402, 57, 26, 'yes', 'yes', 'no', 'yes', 0, 0),
(403, 57, 2, 'no', 'no', 'no', 'no', 0, 0),
(404, 57, 14, 'no', 'no', 'no', 'no', 0, 0),
(405, 57, 1, 'yes', 'yes', 'yes', 'yes', 0, 0),
(406, 57, 48, 'no', 'yes', 'yes', 'yes', 0, 0),
(407, 57, 18, 'no', 'yes', 'yes', 'no', 0, 0),
(408, 57, 11, 'yes', 'yes', 'no', 'no', 0, 0),
(409, 58, 13, 'no', 'no', 'no', 'yes', 0, 0),
(410, 58, 26, 'yes', 'yes', 'yes', 'no', 0, 0),
(411, 58, 66, 'no', 'yes', 'no', 'yes', 0, 0),
(412, 58, 14, 'yes', 'yes', 'no', 'no', 0, 0),
(413, 58, 1, 'yes', 'yes', 'no', 'yes', 0, 0),
(414, 58, 48, 'no', 'yes', 'no', 'no', 0, 0),
(415, 58, 18, 'yes', 'no', 'no', 'no', 0, 0),
(416, 58, 50, 'no', 'no', 'no', 'yes', 0, 0),
(417, 59, 13, 'no', 'yes', 'no', 'yes', 0, 0),
(418, 59, 26, 'yes', 'yes', 'yes', 'yes', 0, 0),
(419, 59, 2, 'no', 'no', 'no', 'yes', 0, 0),
(420, 59, 14, 'yes', 'yes', 'yes', 'no', 0, 0),
(421, 59, 1, 'yes', 'yes', 'yes', 'yes', 0, 0),
(422, 59, 18, 'no', 'yes', 'no', 'no', 0, 0),
(423, 59, 50, 'no', 'no', 'no', 'yes', 0, 0),
(424, 60, 13, 'no', 'no', 'no', 'no', 0, 0),
(425, 60, 26, 'yes', 'yes', 'no', 'yes', 0, 0),
(426, 60, 66, 'no', 'yes', 'no', 'yes', 0, 0),
(427, 60, 2, 'no', 'no', 'no', 'no', 0, 0),
(428, 60, 14, 'yes', 'yes', 'yes', 'no', 0, 0),
(429, 60, 1, 'yes', 'yes', 'yes', 'yes', 0, 0),
(430, 60, 18, 'no', 'no', 'no', 'no', 0, 0),
(431, 60, 48, 'no', 'no', 'no', 'no', 0, 0),
(432, 60, 47, 'yes', 'yes', 'no', 'no', 0, 0),
(433, 60, 11, 'no', 'no', 'no', 'no', 0, 0),
(434, 60, 50, 'yes', 'no', 'yes', 'yes', 0, 0),
(435, 61, 13, 'no', 'no', 'no', 'yes', 0, 0),
(436, 61, 66, 'no', 'yes', 'no', 'yes', 0, 0),
(437, 61, 14, 'no', 'no', 'yes', 'no', 0, 0),
(438, 61, 1, 'yes', 'yes', 'yes', 'yes', 0, 0),
(439, 61, 48, 'no', 'yes', 'no', 'no', 0, 0),
(440, 61, 18, 'no', 'yes', 'no', 'no', 0, 0),
(441, 61, 47, 'yes', 'no', 'yes', 'no', 0, 0),
(442, 61, 50, 'no', 'no', 'no', 'yes', 0, 0),
(443, 61, 26, 'yes', 'yes', 'yes', 'yes', NULL, 0),
(444, 62, 13, 'no', 'yes', 'no', 'yes', 0, 0),
(445, 62, 14, 'no', 'no', 'yes', 'no', 0, 0),
(446, 62, 1, 'yes', 'yes', 'yes', 'yes', 0, 0),
(447, 62, 18, 'no', 'yes', 'yes', 'no', 0, 0),
(448, 62, 47, 'no', 'no', 'no', 'no', 0, 0),
(449, 63, 13, 'no', 'yes', 'no', 'yes', 0, 0),
(450, 63, 66, 'no', 'yes', 'no', 'yes', 0, 0),
(451, 63, 2, 'no', 'no', 'no', 'no', 0, 0),
(452, 63, 14, 'yes', 'yes', 'yes', 'yes', 0, 0),
(453, 63, 1, 'yes', 'yes', 'yes', 'yes', 0, 0),
(454, 63, 18, 'no', 'no', 'no', 'no', 0, 0),
(455, 63, 41, 'no', 'no', 'no', 'no', 0, 0),
(456, 64, 12, 'no', 'yes', 'yes', 'yes', 0, 0),
(457, 64, 13, 'no', 'yes', 'no', 'yes', 0, 0),
(458, 64, 26, 'yes', 'yes', 'no', 'yes', 0, 0),
(459, 64, 66, 'no', 'yes', 'no', 'yes', 0, 0),
(460, 64, 14, 'yes', 'yes', 'yes', 'no', 0, 0),
(461, 64, 1, 'yes', 'yes', 'yes', 'yes', 0, 0),
(462, 64, 18, 'no', 'no', 'no', 'no', 0, 0),
(463, 65, 12, 'no', 'yes', 'no', 'yes', 0, 0),
(464, 65, 13, 'no', 'no', 'no', 'yes', 0, 0),
(465, 65, 26, 'no', 'no', 'no', 'yes', 0, 0),
(466, 65, 66, 'yes', 'yes', 'no', 'yes', 0, 0),
(467, 65, 14, 'no', 'no', 'no', 'no', 0, 0),
(468, 65, 1, 'no', 'yes', 'no', 'yes', 0, 0),
(469, 65, 18, 'yes', 'no', 'no', 'no', 0, 0),
(470, 65, 71, 'no', 'no', 'no', 'no', 0, 0),
(477, 69, 13, 'no', 'no', 'no', 'yes', 1, 0),
(476, 69, 12, 'no', 'no', 'no', 'no', 0, 0),
(475, 68, 12, 'no', 'no', 'no', 'no', 1, 100000),
(478, 69, 15, 'no', 'no', 'no', 'no', 0, 50000),
(479, 69, 14, 'no', 'no', 'no', 'no', 0, 50000),
(480, 69, 1, 'yes', 'yes', 'no', 'yes', 0, 100000),
(481, 69, 18, 'no', 'no', 'no', 'no', 0, 0),
(482, 69, 47, 'no', 'no', 'no', 'no', 0, 0),
(483, 69, 71, 'no', 'no', 'no', 'no', 0, 50000),
(484, 70, 13, 'no', 'no', 'no', 'yes', 0, 0),
(485, 70, 26, 'yes', 'yes', 'yes', 'yes', 0, 0),
(486, 70, 66, 'no', 'yes', 'yes', 'yes', 0, 0),
(487, 70, 2, 'no', 'no', 'no', 'yes', 0, 0),
(488, 70, 14, 'yes', 'yes', 'yes', 'no', 0, 0),
(489, 70, 1, 'yes', 'yes', 'yes', 'yes', 0, 50000),
(490, 70, 47, 'no', 'no', 'yes', 'no', 0, 0),
(491, 70, 16, 'yes', 'yes', 'no', 'no', 0, 0),
(492, 70, 50, 'no', 'no', 'no', 'no', 0, 0),
(493, 71, 13, 'no', 'yes', 'no', 'yes', 0, 0),
(494, 71, 15, 'no', 'no', 'no', 'no', 0, 0),
(495, 71, 26, 'yes', 'yes', 'no', 'yes', 0, 0),
(496, 71, 66, 'no', 'yes', 'no', 'yes', 0, 0),
(497, 71, 14, 'yes', 'yes', 'yes', 'no', 0, 0),
(498, 71, 1, 'no', 'no', 'no', 'yes', 0, 0),
(499, 71, 11, 'yes', 'yes', 'yes', 'yes', 0, 0),
(500, 71, 50, 'no', 'no', 'no', 'no', 0, 0),
(501, 72, 13, 'no', 'yes', 'no', 'yes', 0, 0),
(502, 72, 15, 'no', 'no', 'no', 'no', 0, 0),
(503, 72, 66, 'yes', 'yes', 'no', 'yes', 0, 0),
(504, 72, 14, 'yes', 'yes', 'yes', 'no', 0, 0),
(505, 72, 1, 'yes', 'yes', 'yes', 'yes', 0, 50000),
(506, 73, 13, 'no', 'yes', 'no', 'yes', 0, 0),
(507, 73, 15, 'no', 'no', 'no', 'no', 0, 0),
(508, 73, 66, 'no', 'yes', 'no', 'yes', 0, 0),
(509, 73, 2, 'no', 'no', 'no', 'yes', 0, 0),
(510, 73, 14, 'no', 'no', 'yes', 'no', 0, 50000),
(511, 73, 1, 'yes', 'yes', 'yes', 'yes', 0, 0),
(512, 73, 47, 'no', 'no', 'yes', 'no', 0, 0),
(513, 73, 50, 'no', 'no', 'no', 'no', 0, 0),
(514, 74, 13, 'no', 'no', 'no', 'yes', 0, 0),
(515, 74, 15, 'no', 'no', 'no', 'no', 0, 0),
(516, 74, 26, 'yes', 'yes', 'no', 'yes', 0, 0),
(517, 74, 14, 'yes', 'yes', 'yes', 'no', 0, 0),
(518, 74, 1, 'yes', 'yes', 'yes', 'yes', 0, 0),
(519, 74, 47, 'no', 'no', 'yes', 'no', 0, 0),
(520, 74, 74, 'no', 'no', 'no', 'no', 0, 0),
(521, 74, 16, 'yes', 'yes', 'yes', 'no', 0, 0),
(522, 74, 11, 'yes', 'yes', 'yes', 'no', 0, 0),
(523, 74, 71, 'no', 'no', 'no', 'no', 0, 0),
(524, 75, 13, 'no', 'no', 'no', 'no', 0, 0),
(525, 75, 15, 'no', 'no', 'no', 'no', 0, 0),
(526, 75, 26, 'no', 'no', 'no', 'no', 0, 0),
(527, 75, 66, 'no', 'no', 'no', 'no', 0, 0),
(528, 75, 2, 'no', 'no', 'no', 'no', 0, 0),
(529, 75, 1, 'yes', 'yes', 'yes', 'no', 0, 0),
(530, 75, 47, 'no', 'no', 'no', 'no', 0, 0),
(531, 76, 13, 'no', 'yes', 'no', 'yes', 0, 0),
(532, 76, 15, 'no', 'no', 'no', 'no', 0, 0),
(533, 76, 26, 'yes', 'yes', 'no', 'yes', 0, 0),
(534, 76, 66, 'no', 'no', 'no', 'yes', 0, 0),
(535, 76, 2, 'no', 'no', 'no', 'no', 0, 0),
(536, 76, 14, 'yes', 'yes', 'yes', 'no', 0, 0),
(537, 76, 1, 'yes', 'yes', 'yes', 'yes', 0, 0),
(538, 76, 74, 'no', 'no', 'no', 'no', 0, 0),
(539, 77, 13, 'no', 'no', 'no', 'yes', 0, 0),
(540, 77, 26, 'no', 'no', 'no', 'no', 0, 0),
(541, 77, 66, 'no', 'yes', 'no', 'no', 0, 0),
(542, 77, 14, 'yes', 'yes', 'yes', 'no', 0, 0),
(543, 77, 1, 'yes', 'yes', 'yes', 'yes', 0, 0),
(544, 77, 47, 'no', 'no', 'no', 'no', 0, 0),
(545, 77, 74, 'no', 'no', 'no', 'no', 0, 0),
(546, 78, 13, 'no', 'no', 'no', 'no', 0, 0),
(547, 78, 15, 'no', 'no', 'no', 'no', 0, 0),
(548, 78, 26, 'no', 'no', 'no', 'no', 0, 0),
(549, 78, 66, 'no', 'no', 'no', 'no', 0, 0),
(550, 78, 2, 'no', 'no', 'no', 'no', 0, 0),
(551, 78, 14, 'no', 'no', 'no', 'no', 0, 0),
(552, 78, 1, 'no', 'no', 'no', 'no', 0, 0),
(553, 78, 18, 'no', 'no', 'no', 'no', 0, 0),
(554, 79, 13, 'yes', 'no', 'no', 'yes', 0, 0),
(555, 79, 15, 'no', 'no', 'no', 'no', 0, 0),
(556, 79, 26, 'yes', 'yes', 'no', 'yes', 0, 25000),
(557, 79, 66, 'no', 'no', 'no', 'yes', 0, 0),
(558, 79, 14, 'yes', 'no', 'no', 'no', 0, 0),
(559, 79, 1, 'yes', 'yes', 'yes', 'yes', 0, 0),
(560, 79, 76, 'no', 'no', 'no', 'no', 0, 0),
(561, 79, 18, 'no', 'no', 'no', 'no', 0, 0),
(562, 79, 75, 'no', 'no', 'no', 'no', 0, 0),
(563, 80, 13, 'no', 'yes', 'no', 'yes', 0, 0),
(564, 80, 15, 'no', 'no', 'no', 'no', 0, 0),
(565, 80, 2, 'no', 'no', 'no', 'yes', 0, 0),
(566, 80, 14, 'yes', 'yes', 'yes', 'no', 0, 0),
(567, 80, 1, 'yes', 'yes', 'yes', 'yes', 0, 50000),
(568, 80, 18, 'no', 'no', 'no', 'no', 0, 0),
(569, 80, 76, 'no', 'no', 'no', 'no', 0, 0),
(570, 80, 77, 'no', 'no', 'no', 'no', 0, 0),
(571, 80, 16, 'yes', 'yes', 'no', 'no', 0, 0),
(572, 80, 11, 'yes', 'yes', 'no', 'no', 0, 0),
(573, 81, 15, 'no', 'no', 'no', 'no', 0, 0),
(574, 81, 26, 'no', 'no', 'yes', 'yes', 0, 0),
(575, 81, 1, 'yes', 'yes', 'yes', 'yes', 0, 0),
(576, 81, 76, 'no', 'no', 'no', 'no', 0, 0),
(577, 81, 47, 'no', 'no', 'no', 'no', 0, 0),
(578, 81, 77, 'no', 'no', 'no', 'yes', 0, 0),
(579, 82, 13, 'no', 'no', 'no', 'yes', 0, 0),
(580, 82, 26, 'yes', 'yes', 'yes', 'yes', 0, 0),
(581, 82, 2, 'no', 'no', 'no', 'yes', 0, 0),
(582, 82, 1, 'yes', 'no', 'yes', 'yes', 0, 0),
(583, 82, 18, 'no', 'no', 'no', 'no', 0, 0),
(584, 82, 76, 'no', 'no', 'no', 'no', 0, 0),
(585, 82, 47, 'no', 'no', 'no', 'no', 0, 0),
(586, 82, 77, 'no', 'no', 'no', 'yes', 0, 0),
(587, 82, 16, 'no', 'no', 'no', 'no', 0, 0),
(588, 82, 11, 'no', 'no', 'no', 'no', 0, 0),
(589, 83, 13, 'no', 'yes', 'no', 'yes', 0, 0),
(590, 83, 26, 'no', 'yes', 'no', 'yes', 0, 0),
(591, 83, 66, 'yes', 'no', 'no', 'no', 0, 0),
(592, 83, 14, 'no', 'no', 'no', 'yes', 0, 0),
(593, 83, 1, 'no', 'no', 'no', 'yes', 0, 0),
(594, 83, 18, 'no', 'no', 'no', 'no', 0, 0),
(595, 83, 76, 'no', 'no', 'no', 'no', 0, 0),
(596, 83, 47, 'no', 'no', 'no', 'no', 0, 0),
(597, 83, 16, 'no', 'yes', 'no', 'no', 0, 0),
(598, 83, 11, 'no', 'yes', 'no', 'no', 0, 0),
(599, 84, 13, 'no', 'yes', 'no', 'yes', 0, 0),
(600, 84, 15, 'no', 'no', 'no', 'no', 0, 0),
(601, 84, 26, 'yes', 'yes', 'no', 'yes', 0, 0),
(602, 84, 14, 'no', 'no', 'yes', 'yes', 0, 0),
(603, 84, 1, 'yes', 'yes', 'yes', 'yes', 0, 0),
(604, 85, 13, 'no', 'yes', 'no', 'yes', 0, 0),
(605, 85, 15, 'no', 'no', 'no', 'no', 0, 0),
(606, 85, 26, 'yes', 'yes', 'yes', 'yes', 0, 50000),
(607, 85, 2, 'no', 'no', 'no', 'yes', 0, 0),
(608, 85, 14, 'yes', 'yes', 'yes', 'yes', 0, 0),
(609, 85, 1, 'yes', 'yes', 'yes', 'yes', 0, 50000),
(610, 85, 47, 'no', 'no', 'no', 'no', 0, 0),
(611, 85, 77, 'no', 'no', 'no', 'yes', 0, 0),
(612, 85, 74, 'no', 'no', 'no', 'no', 0, 0),
(613, 86, 13, 'no', 'yes', 'no', 'yes', 0, 50000),
(614, 86, 15, 'no', 'no', 'no', 'no', 0, 0),
(615, 86, 26, 'yes', 'yes', 'yes', 'yes', 0, 0),
(616, 86, 14, 'yes', 'yes', 'yes', 'yes', 0, 0),
(617, 86, 1, 'yes', 'yes', 'yes', 'yes', 0, 0),
(618, 86, 76, 'no', 'no', 'no', 'no', 0, 0),
(619, 86, 47, 'no', 'no', 'no', 'no', 0, 0),
(620, 86, 77, 'no', 'no', 'no', 'yes', 0, 0),
(621, 86, 16, 'no', 'no', 'no', 'no', 0, 0),
(622, 86, 11, 'no', 'no', 'no', 'no', 0, 0),
(623, 87, 13, 'no', 'no', 'no', 'no', 0, 0),
(624, 87, 15, 'no', 'no', 'no', 'no', 0, 50000),
(625, 87, 26, 'no', 'no', 'no', 'yes', 0, 65000),
(626, 87, 66, 'no', 'no', 'no', 'no', 0, 0),
(627, 87, 14, 'yes', 'yes', 'yes', 'no', 0, 0),
(628, 87, 1, 'yes', 'yes', 'yes', 'yes', 0, 65000),
(629, 87, 16, 'yes', 'yes', 'no', 'no', 0, 0),
(630, 87, 11, 'no', 'no', 'no', 'no', 0, 0),
(631, 87, 80, 'no', 'no', 'no', 'no', 0, 0),
(632, 88, 13, 'no', 'no', 'no', 'yes', 0, 0),
(633, 88, 15, 'no', 'no', 'no', 'no', 0, 0),
(634, 88, 66, 'no', 'yes', 'no', 'no', 0, 0),
(635, 88, 2, 'no', 'no', 'no', 'yes', 0, 0),
(636, 88, 1, 'yes', 'yes', 'yes', 'yes', 0, 75000),
(637, 88, 47, 'no', 'no', 'no', 'yes', 0, 50000),
(638, 88, 77, 'no', 'no', 'no', 'no', 0, 0),
(639, 88, 74, 'no', 'no', 'no', 'no', 0, 0),
(640, 88, 16, 'yes', 'yes', 'no', 'yes', 0, 0),
(641, 89, 13, 'no', 'no', 'no', 'yes', 0, 0),
(642, 89, 15, 'no', 'no', 'no', 'no', 0, 0),
(643, 89, 1, 'yes', 'yes', 'yes', 'yes', 0, 0),
(644, 89, 77, 'no', 'no', 'no', 'no', 0, 0),
(645, 89, 71, 'no', 'no', 'no', 'no', 0, 0),
(646, 90, 13, 'no', 'yes', 'no', 'no', 0, 0),
(647, 90, 26, 'yes', 'yes', 'no', 'yes', 0, 50000),
(648, 90, 66, 'no', 'yes', 'no', 'no', 0, 0),
(649, 90, 14, 'no', 'no', 'no', 'no', 0, 0),
(650, 90, 1, 'no', 'no', 'no', 'yes', 0, 50000),
(651, 91, 13, 'no', 'yes', 'no', 'yes', 0, 0),
(652, 91, 15, 'no', 'no', 'no', 'no', 0, 0),
(653, 91, 26, 'no', 'yes', 'no', 'yes', 0, 0),
(654, 91, 1, 'yes', 'yes', 'yes', 'yes', 0, 0),
(655, 91, 77, 'no', 'no', 'no', 'no', 0, 0),
(656, 92, 15, 'no', 'no', 'no', 'no', 0, 0),
(657, 92, 26, 'yes', 'yes', 'yes', 'yes', 0, 0),
(658, 92, 66, 'no', 'yes', 'no', 'no', 0, 0),
(659, 92, 14, 'no', 'no', 'no', 'yes', 0, 0),
(660, 92, 1, 'yes', 'yes', 'yes', 'yes', 0, 0),
(661, 92, 77, 'no', 'no', 'no', 'no', 0, 0),
(662, 92, 71, 'no', 'no', 'no', 'no', 0, 0),
(663, 93, 26, 'yes', 'no', 'yes', 'yes', 0, 0),
(664, 93, 14, 'no', 'no', 'no', 'no', 0, 0),
(665, 93, 1, 'yes', 'yes', 'yes', 'yes', 0, 0),
(666, 93, 74, 'no', 'no', 'no', 'no', 0, 0),
(667, 93, 71, 'no', 'no', 'no', 'no', 0, 0),
(668, 26, 19, 'no', 'no', 'no', 'no', NULL, 0),
(683, 137, 1, 'yes', 'yes', 'yes', NULL, 0, 0),
(677, 135, 1, 'yes', 'yes', 'yes', 'yes', NULL, 0),
(687, 133, 30, NULL, NULL, NULL, NULL, NULL, 0),
(686, 133, 26, 'yes', 'yes', 'yes', 'yes', NULL, 0),
(688, 133, 47, NULL, 'no', NULL, NULL, NULL, 0),
(689, 133, 71, NULL, NULL, NULL, NULL, NULL, 0),
(690, 133, 77, NULL, NULL, NULL, NULL, NULL, 0),
(691, 139, 1, NULL, NULL, NULL, 'yes', NULL, 35000),
(692, 139, 2, 'no', NULL, NULL, NULL, NULL, 0),
(693, 139, 11, 'yes', 'yes', NULL, 'yes', NULL, 0),
(694, 139, 13, NULL, NULL, NULL, 'yes', NULL, 50000),
(695, 139, 14, 'yes', 'yes', NULL, NULL, NULL, 0),
(696, 139, 16, NULL, NULL, NULL, NULL, NULL, 0),
(697, 139, 47, NULL, 'yes', 'yes', NULL, NULL, 0),
(698, 0, 26, 'yes', 'yes', 'yes', 'yes', NULL, 0),
(699, 140, 1, 'yes', 'yes', 'yes', 'yes', NULL, 0),
(700, 140, 13, NULL, NULL, NULL, 'yes', NULL, 0),
(701, 140, 14, 'yes', 'yes', 'yes', NULL, NULL, 0),
(702, 140, 15, NULL, NULL, NULL, NULL, NULL, 0),
(703, 140, 26, 'yes', 'yes', 'yes', 'yes', NULL, 0),
(704, 140, 47, NULL, 'yes', 'yes', NULL, NULL, 0),
(705, 140, 71, NULL, NULL, NULL, NULL, NULL, 0),
(706, 140, 77, NULL, NULL, NULL, NULL, NULL, 0),
(707, 141, 1, 'yes', 'yes', 'yes', 'yes', NULL, 0),
(708, 141, 11, NULL, NULL, NULL, 'yes', NULL, 0),
(709, 141, 15, NULL, NULL, NULL, NULL, NULL, 0),
(710, 141, 16, NULL, NULL, NULL, NULL, NULL, 0),
(711, 141, 47, NULL, NULL, NULL, NULL, NULL, 0),
(712, 141, 66, NULL, NULL, NULL, NULL, 1, 0),
(713, 141, 77, NULL, NULL, NULL, NULL, NULL, 0),
(714, 141, 82, NULL, NULL, NULL, NULL, NULL, 0),
(715, 142, 1, 'yes', 'yes', 'yes', 'yes', 0, 0),
(716, 142, 13, NULL, NULL, NULL, 'yes', NULL, 0),
(717, 142, 14, 'yes', 'yes', 'yes', NULL, NULL, 0),
(718, 142, 26, 'yes', 'yes', 'yes', 'yes', NULL, 0),
(719, 142, 43, NULL, NULL, NULL, NULL, NULL, 0),
(720, 142, 66, 'no', 'yes', NULL, NULL, NULL, 0),
(721, 142, 88, NULL, NULL, NULL, NULL, NULL, 0),
(722, 0, 1, NULL, NULL, NULL, NULL, NULL, 0),
(723, 145, 1, 'no', 'no', NULL, 'yes', NULL, 100000),
(724, 145, 14, 'yes', 'yes', 'yes', NULL, NULL, 0),
(725, 145, 15, NULL, NULL, NULL, 'yes', NULL, 0),
(726, 145, 26, 'yes', 'yes', 'yes', 'yes', NULL, 0),
(727, 145, 47, NULL, NULL, NULL, NULL, NULL, 0),
(728, 145, 66, NULL, 'yes', NULL, 'yes', 1, 0),
(729, 145, 82, NULL, NULL, NULL, 'yes', NULL, 0),
(730, 145, 11, NULL, NULL, NULL, 'yes', NULL, 0),
(731, 145, 16, NULL, NULL, NULL, NULL, NULL, 0),
(732, 144, 1, 'yes', 'yes', 'yes', 'yes', NULL, 0),
(733, 144, 13, NULL, NULL, NULL, NULL, NULL, 0),
(734, 144, 14, 'yes', 'yes', 'yes', NULL, NULL, 0),
(735, 144, 15, NULL, NULL, NULL, NULL, NULL, 0),
(736, 144, 26, 'yes', 'yes', 'yes', 'yes', NULL, 50000),
(737, 144, 66, 'yes', NULL, NULL, NULL, 1, 0),
(738, 144, 77, 'yes', NULL, NULL, NULL, NULL, 50000),
(739, 144, 82, 'yes', NULL, NULL, NULL, NULL, 0),
(740, 144, 89, 'yes', 'yes', 'yes', NULL, NULL, 0),
(741, 145, 89, 'yes', 'yes', 'yes', NULL, NULL, 0),
(742, 146, 1, 'yes', 'yes', 'yes', 'yes', NULL, 0),
(743, 146, 2, NULL, NULL, NULL, NULL, NULL, 0),
(744, 146, 14, 'yes', 'yes', 'yes', NULL, NULL, 0),
(745, 146, 15, NULL, NULL, NULL, NULL, NULL, 0),
(746, 146, 26, 'yes', 'yes', 'yes', 'yes', NULL, 0),
(747, 146, 47, 'yes', 'yes', 'yes', NULL, NULL, 0),
(748, 146, 66, 'no', NULL, NULL, NULL, NULL, 0),
(749, 146, 82, NULL, NULL, NULL, NULL, NULL, 0),
(750, 146, 88, NULL, NULL, NULL, NULL, NULL, 0),
(751, 146, 89, 'yes', 'yes', 'yes', NULL, NULL, 0),
(752, 147, 1, 'yes', 'yes', 'yes', 'yes', NULL, 0),
(753, 147, 13, 'yes', 'yes', NULL, NULL, NULL, 0),
(754, 147, 14, 'yes', 'no', 'no', 'yes', NULL, 0),
(755, 147, 47, 'yes', NULL, NULL, NULL, NULL, 0),
(756, 147, 77, 'yes', NULL, NULL, NULL, NULL, 0),
(757, 147, 88, 'yes', NULL, NULL, NULL, NULL, 0),
(758, 147, 89, 'yes', NULL, NULL, NULL, NULL, 0),
(759, 148, 1, 'yes', 'yes', 'yes', 'yes', NULL, 0),
(760, 148, 14, 'yes', 'yes', 'yes', 'yes', NULL, 0),
(761, 148, 89, 'yes', 'yes', 'yes', 'yes', NULL, 0),
(762, 148, 66, 'no', 'yes', 'yes', NULL, NULL, 0),
(763, 148, 15, NULL, NULL, NULL, NULL, NULL, 0),
(764, 148, 13, NULL, NULL, NULL, 'yes', NULL, 0),
(765, 149, 1, 'yes', 'yes', 'yes', 'yes', NULL, 0),
(766, 149, 13, NULL, NULL, NULL, 'yes', NULL, 0),
(767, 149, 14, 'yes', 'yes', 'yes', 'yes', NULL, 0),
(768, 149, 15, NULL, NULL, NULL, NULL, NULL, 0),
(769, 149, 26, NULL, NULL, NULL, 'yes', NULL, 0),
(770, 149, 47, 'no', NULL, NULL, NULL, NULL, 0),
(771, 149, 66, NULL, NULL, NULL, NULL, NULL, 0),
(772, 149, 82, NULL, NULL, NULL, NULL, NULL, 0),
(773, 149, 89, 'yes', 'yes', 'yes', 'yes', NULL, 0),
(774, 150, 77, NULL, NULL, NULL, NULL, NULL, 0),
(775, 150, 26, 'yes', 'yes', 'yes', 'yes', NULL, 0),
(776, 150, 66, 'no', 'yes', NULL, NULL, NULL, 0),
(777, 150, 15, NULL, NULL, NULL, NULL, NULL, 0),
(778, 150, 47, NULL, 'yes', NULL, NULL, NULL, 0),
(779, 150, 14, 'yes', 'yes', 'yes', NULL, NULL, 0),
(780, 150, 89, 'yes', 'yes', 'yes', NULL, NULL, 0),
(781, 150, 2, NULL, NULL, NULL, 'yes', NULL, 0),
(782, 151, 1, 'yes', 'yes', 'yes', 'yes', NULL, 0),
(783, 151, 2, 'no', NULL, NULL, 'yes', NULL, 0),
(784, 151, 14, 'yes', 'yes', 'yes', 'yes', NULL, 0),
(785, 151, 88, NULL, NULL, NULL, 'yes', NULL, 0),
(786, 151, 89, 'yes', 'yes', 'yes', 'yes', NULL, 0),
(787, 151, 47, NULL, NULL, NULL, NULL, NULL, 0),
(788, 151, 66, 'yes', 'yes', 'yes', NULL, NULL, 0),
(789, 151, 13, NULL, 'yes', NULL, 'yes', NULL, 0),
(790, 151, 26, 'yes', 'yes', 'yes', 'yes', NULL, 0),
(791, 152, 1, 'yes', 'yes', 'no', 'yes', NULL, 0),
(792, 152, 14, 'yes', 'yes', 'yes', NULL, NULL, 0),
(793, 152, 15, NULL, NULL, NULL, NULL, NULL, 0),
(794, 152, 26, 'yes', 'yes', 'yes', 'yes', NULL, 0),
(795, 152, 77, NULL, NULL, NULL, NULL, NULL, 0),
(796, 152, 89, 'yes', 'yes', 'yes', NULL, NULL, 0),
(797, 152, 80, 'no', NULL, NULL, NULL, NULL, 0),
(798, 152, 66, 'no', 'yes', NULL, NULL, NULL, 0),
(799, 152, 82, NULL, NULL, NULL, NULL, NULL, 0),
(800, 153, 1, 'yes', 'yes', NULL, 'yes', NULL, 0),
(801, 153, 13, NULL, NULL, NULL, 'yes', NULL, 0),
(802, 153, 15, 'yes', 'yes', NULL, NULL, NULL, 0),
(803, 153, 21, NULL, NULL, NULL, NULL, NULL, 0),
(804, 153, 26, 'yes', 'yes', 'yes', 'yes', NULL, 0),
(805, 153, 71, NULL, NULL, NULL, NULL, NULL, 0),
(806, 153, 77, NULL, NULL, NULL, NULL, NULL, 0),
(807, 154, 1, 'yes', 'yes', 'yes', 'yes', NULL, 0),
(808, 154, 13, NULL, NULL, NULL, NULL, NULL, 0),
(809, 154, 14, 'yes', 'yes', 'yes', NULL, NULL, 0),
(810, 154, 15, NULL, NULL, NULL, NULL, NULL, 0),
(811, 154, 26, 'yes', 'yes', 'yes', 'yes', NULL, 0),
(812, 154, 47, 'no', 'yes', 'yes', NULL, NULL, 0),
(813, 154, 89, 'yes', 'yes', 'yes', NULL, NULL, 0),
(814, 155, 1, 'yes', 'yes', 'yes', 'yes', NULL, 0),
(815, 155, 13, 'yes', 'yes', NULL, NULL, NULL, 0),
(816, 155, 14, NULL, NULL, NULL, NULL, NULL, 0),
(817, 155, 15, 'yes', NULL, NULL, NULL, NULL, 0),
(818, 155, 26, 'yes', 'yes', 'yes', 'yes', NULL, 0),
(819, 155, 89, 'yes', 'yes', 'yes', 'yes', NULL, 0),
(820, 156, 1, 'yes', 'yes', NULL, 'yes', NULL, 0),
(821, 156, 14, 'yes', NULL, NULL, NULL, NULL, 0),
(822, 156, 15, 'yes', 'yes', NULL, 'yes', NULL, 0),
(823, 156, 21, 'yes', NULL, NULL, NULL, NULL, 0),
(824, 156, 26, 'yes', 'yes', 'yes', 'yes', NULL, 0),
(825, 156, 77, 'yes', NULL, NULL, NULL, NULL, 0),
(826, 156, 89, 'yes', NULL, NULL, NULL, NULL, 0),
(827, 157, 1, 'yes', 'yes', 'yes', 'yes', NULL, 0),
(828, 157, 13, NULL, NULL, NULL, 'yes', NULL, 0),
(829, 157, 14, NULL, NULL, 'yes', 'yes', NULL, 0),
(830, 157, 15, NULL, NULL, NULL, NULL, NULL, 0),
(831, 159, 14, 'yes', 'yes', NULL, NULL, NULL, 0),
(832, 159, 15, 'no', NULL, NULL, NULL, NULL, 0),
(833, 159, 21, 'no', NULL, NULL, NULL, NULL, 0),
(834, 159, 26, 'yes', 'yes', 'yes', 'yes', NULL, 0),
(835, 159, 47, 'no', NULL, NULL, NULL, NULL, 0),
(836, 159, 66, 'yes', NULL, NULL, NULL, 1, 0),
(837, 159, 77, 'yes', NULL, NULL, NULL, NULL, 0),
(838, 159, 89, 'yes', 'yes', NULL, NULL, NULL, 0),
(839, 159, 1, NULL, NULL, NULL, NULL, NULL, 0),
(840, 159, 13, NULL, 'yes', NULL, 'yes', NULL, 0),
(841, 159, 57, 'no', NULL, NULL, NULL, NULL, 0),
(842, 159, 69, 'yes', NULL, NULL, NULL, NULL, 0),
(843, 159, 90, 'no', 'yes', NULL, NULL, NULL, 0),
(844, 159, 91, 'no', 'yes', NULL, NULL, NULL, 0),
(845, 159, 92, NULL, NULL, NULL, NULL, NULL, 0),
(846, 159, 93, NULL, NULL, NULL, NULL, NULL, 0),
(847, 159, 94, NULL, NULL, NULL, NULL, NULL, 0),
(848, 160, 1, 'yes', 'yes', 'yes', 'yes', NULL, 0),
(849, 160, 13, NULL, NULL, NULL, NULL, NULL, 0),
(850, 160, 14, NULL, NULL, 'yes', NULL, NULL, 0),
(851, 160, 57, NULL, NULL, NULL, NULL, NULL, 0),
(852, 160, 66, NULL, 'yes', NULL, NULL, NULL, 0),
(853, 160, 69, NULL, NULL, NULL, NULL, NULL, 0),
(854, 160, 77, NULL, NULL, NULL, 'yes', NULL, 0),
(855, 160, 89, NULL, NULL, 'yes', NULL, NULL, 0),
(856, 161, 1, 'yes', 'yes', 'yes', 'yes', NULL, 0),
(857, 161, 13, NULL, NULL, NULL, 'yes', NULL, 0),
(858, 161, 14, 'yes', 'yes', 'yes', NULL, NULL, 0),
(859, 161, 26, 'yes', 'yes', 'yes', 'yes', NULL, 0),
(860, 161, 77, NULL, NULL, NULL, 'yes', NULL, 0),
(861, 161, 89, 'yes', 'yes', 'yes', NULL, NULL, 0),
(862, 161, 90, 'no', 'yes', NULL, NULL, NULL, 0),
(875, 164, 13, NULL, NULL, NULL, 'yes', NULL, 0),
(864, 162, 13, NULL, NULL, NULL, 'yes', NULL, 0),
(865, 162, 14, 'yes', 'yes', 'yes', NULL, NULL, 0),
(866, 162, 26, 'yes', 'yes', 'yes', 'yes', NULL, 0),
(867, 162, 57, NULL, NULL, NULL, 'yes', NULL, 0),
(868, 162, 66, NULL, NULL, NULL, 'yes', NULL, 0),
(874, 164, 1, 'yes', 'yes', 'yes', 'yes', NULL, 0),
(870, 162, 90, NULL, NULL, NULL, NULL, NULL, 0),
(871, 162, 92, NULL, NULL, NULL, NULL, NULL, 0),
(872, 162, 93, NULL, NULL, NULL, NULL, NULL, 0),
(873, 162, 94, NULL, NULL, NULL, NULL, NULL, 0),
(876, 164, 14, 'yes', 'yes', 'yes', NULL, NULL, 0),
(877, 164, 26, 'yes', 'yes', 'yes', 'yes', NULL, 0),
(878, 164, 57, NULL, NULL, NULL, 'yes', NULL, 0),
(879, 164, 71, NULL, NULL, NULL, NULL, NULL, 0),
(880, 164, 77, NULL, NULL, NULL, 'yes', NULL, 0),
(881, 164, 88, NULL, NULL, NULL, 'yes', NULL, 0),
(882, 164, 89, 'yes', 'yes', 'yes', NULL, NULL, 0),
(883, 164, 90, NULL, 'yes', NULL, NULL, NULL, 0),
(884, 164, 92, NULL, 'yes', NULL, NULL, NULL, 0),
(885, 164, 93, NULL, 'yes', NULL, 'yes', NULL, 0),
(886, 164, 94, NULL, 'yes', NULL, NULL, NULL, 0),
(887, 165, 1, 'yes', 'yes', 'yes', 'yes', NULL, 50000),
(888, 165, 13, NULL, NULL, NULL, 'yes', NULL, 0),
(889, 165, 14, 'yes', 'yes', 'yes', 'yes', NULL, 0),
(890, 165, 15, 'no', NULL, NULL, NULL, NULL, 0),
(891, 165, 26, 'yes', 'yes', 'yes', 'yes', NULL, 50000),
(892, 165, 57, NULL, NULL, NULL, NULL, NULL, 50000),
(893, 165, 71, NULL, NULL, NULL, NULL, NULL, 0),
(894, 165, 88, NULL, NULL, NULL, NULL, NULL, 0),
(895, 165, 89, 'yes', 'yes', 'yes', 'yes', NULL, 0),
(896, 165, 90, NULL, 'yes', NULL, NULL, NULL, 0),
(897, 166, 1, 'yes', 'yes', 'yes', 'yes', NULL, 0),
(898, 166, 13, 'no', NULL, NULL, 'yes', NULL, 0),
(899, 166, 14, 'yes', 'yes', 'yes', 'yes', NULL, 0),
(900, 166, 26, 'yes', 'yes', 'yes', 'yes', NULL, 0),
(901, 166, 57, NULL, NULL, NULL, 'yes', NULL, 0),
(902, 166, 71, 'no', NULL, NULL, NULL, NULL, 0),
(903, 166, 89, 'yes', 'yes', 'yes', 'yes', NULL, 0),
(904, 166, 90, NULL, 'yes', NULL, 'yes', NULL, 0),
(905, 167, 13, NULL, NULL, NULL, 'yes', NULL, 0),
(906, 167, 14, 'yes', 'yes', 'yes', NULL, NULL, 0),
(907, 167, 26, NULL, NULL, NULL, 'yes', NULL, 50000),
(908, 167, 66, NULL, 'yes', NULL, NULL, NULL, 0),
(909, 167, 69, NULL, NULL, NULL, NULL, NULL, 0),
(910, 167, 77, NULL, NULL, NULL, 'yes', NULL, 0),
(911, 167, 88, NULL, NULL, NULL, NULL, NULL, 0),
(912, 167, 89, 'yes', 'yes', 'yes', NULL, NULL, 0),
(913, 169, 57, NULL, NULL, NULL, 'yes', NULL, 0),
(914, 169, 1, 'yes', 'yes', 'yes', 'yes', NULL, 0),
(915, 169, 13, 'yes', NULL, NULL, 'yes', NULL, 0),
(916, 169, 14, 'yes', 'yes', 'yes', NULL, NULL, 0),
(917, 169, 26, 'yes', 'yes', 'yes', 'yes', NULL, 0),
(918, 169, 71, 'yes', NULL, NULL, NULL, NULL, 0),
(919, 169, 77, 'yes', NULL, NULL, NULL, NULL, 0),
(920, 169, 88, 'yes', NULL, NULL, NULL, NULL, 0),
(921, 169, 89, 'yes', 'yes', 'yes', NULL, NULL, 0),
(922, 170, 0, NULL, NULL, NULL, NULL, NULL, 0),
(923, 170, 57, NULL, NULL, NULL, NULL, 1, 0),
(924, 170, 1, 'yes', 'yes', 'yes', 'yes', NULL, 0),
(925, 170, 13, NULL, NULL, NULL, NULL, NULL, 0),
(926, 170, 14, NULL, NULL, NULL, NULL, NULL, 0),
(927, 170, 26, NULL, NULL, NULL, NULL, NULL, 0),
(928, 170, 89, NULL, NULL, NULL, NULL, NULL, 0),
(929, 170, 90, 'yes', 'yes', 'yes', 'yes', NULL, 0),
(930, 170, 92, NULL, 'yes', NULL, NULL, NULL, 0),
(931, 170, 93, NULL, 'yes', NULL, NULL, NULL, 0),
(932, 170, 94, NULL, NULL, NULL, NULL, NULL, 0),
(933, 168, 1, 'yes', 'yes', 'yes', 'yes', NULL, 0),
(934, 168, 13, NULL, 'yes', NULL, 'yes', NULL, 0),
(935, 168, 14, 'yes', 'yes', 'yes', NULL, NULL, 0),
(936, 168, 26, 'yes', 'yes', 'yes', 'yes', NULL, 0),
(937, 168, 57, NULL, NULL, NULL, 'yes', NULL, 0),
(938, 168, 89, 'yes', 'yes', 'yes', NULL, NULL, 0),
(939, 168, 90, 'no', NULL, NULL, 'yes', NULL, 0),
(940, 171, 1, 'yes', 'yes', 'yes', 'yes', NULL, 0),
(941, 171, 13, NULL, 'yes', NULL, 'yes', NULL, 0),
(942, 171, 14, 'yes', 'yes', 'yes', 'yes', NULL, 0),
(943, 171, 26, 'yes', 'yes', NULL, 'yes', NULL, 0),
(944, 171, 57, NULL, NULL, NULL, 'yes', NULL, 0),
(945, 171, 89, 'yes', 'yes', 'yes', 'yes', NULL, 0),
(946, 171, 90, 'yes', 'yes', 'yes', 'yes', NULL, 0),
(947, 171, 92, 'yes', 'yes', 'yes', 'yes', NULL, 0),
(948, 171, 93, 'yes', 'yes', 'yes', NULL, NULL, 0),
(949, 171, 94, 'yes', 'yes', 'yes', NULL, NULL, 0),
(950, 172, 1, NULL, NULL, NULL, 'yes', NULL, 0),
(951, 172, 14, NULL, NULL, NULL, 'yes', NULL, 0),
(952, 172, 26, NULL, NULL, NULL, 'yes', NULL, 0),
(953, 172, 57, NULL, NULL, NULL, NULL, NULL, 0),
(954, 172, 77, NULL, NULL, NULL, NULL, NULL, 0),
(955, 172, 89, NULL, NULL, NULL, 'yes', NULL, 0),
(956, 173, 1, 'yes', NULL, NULL, 'yes', NULL, 0),
(957, 173, 13, 'yes', NULL, NULL, NULL, NULL, 0),
(958, 173, 14, 'yes', 'yes', 'yes', 'yes', NULL, 0),
(959, 173, 26, 'yes', 'yes', 'yes', 'yes', NULL, 0),
(960, 173, 30, 'yes', NULL, NULL, NULL, NULL, 0),
(961, 173, 57, 'yes', NULL, NULL, 'yes', NULL, 0),
(962, 173, 77, 'yes', NULL, NULL, NULL, NULL, 0),
(963, 173, 89, 'yes', 'yes', 'yes', 'yes', NULL, 0),
(964, 173, 90, 'yes', 'yes', NULL, NULL, NULL, 0),
(965, 173, 66, 'yes', 'yes', NULL, NULL, NULL, 0),
(966, 174, 1, 'yes', 'yes', 'yes', 'yes', NULL, 0),
(967, 174, 13, NULL, NULL, NULL, 'yes', NULL, 0),
(968, 174, 14, NULL, 'no', NULL, 'yes', NULL, 0),
(969, 174, 26, 'yes', 'yes', 'yes', 'yes', NULL, 0),
(970, 174, 57, NULL, NULL, NULL, NULL, NULL, 0),
(971, 174, 77, NULL, NULL, NULL, NULL, NULL, 0),
(972, 174, 89, NULL, 'yes', NULL, 'yes', NULL, 0),
(973, 174, 90, NULL, NULL, NULL, NULL, NULL, 0),
(974, 175, 1, 'yes', NULL, 'yes', 'yes', NULL, 0),
(975, 175, 13, NULL, NULL, NULL, 'yes', NULL, 0),
(976, 175, 14, 'yes', 'yes', 'yes', NULL, NULL, 0),
(977, 175, 26, 'yes', 'yes', 'yes', 'yes', NULL, 0),
(978, 175, 57, NULL, NULL, NULL, 'yes', NULL, 0),
(979, 175, 88, NULL, NULL, NULL, NULL, NULL, 0),
(980, 175, 89, 'yes', 'yes', 'yes', NULL, NULL, 0),
(981, 176, 1, 'yes', 'yes', 'yes', 'yes', NULL, 0),
(982, 176, 13, NULL, NULL, NULL, NULL, NULL, 0),
(983, 176, 21, 'no', 'yes', NULL, NULL, 1, 0),
(984, 176, 57, NULL, NULL, NULL, NULL, NULL, 0),
(985, 176, 77, NULL, NULL, NULL, NULL, NULL, 0),
(986, 176, 89, 'yes', 'yes', 'yes', NULL, NULL, 0),
(987, 176, 90, 'yes', 'yes', 'yes', NULL, 1, 0),
(988, 176, 92, 'no', NULL, NULL, 'yes', NULL, 0),
(989, 176, 93, NULL, NULL, NULL, NULL, NULL, 0),
(990, 176, 94, NULL, NULL, NULL, NULL, NULL, 0),
(991, 176, 95, NULL, NULL, NULL, NULL, NULL, 0),
(992, 176, 96, NULL, NULL, NULL, NULL, NULL, 0),
(993, 178, 1, 'yes', 'yes', 'yes', 'yes', NULL, 0),
(994, 178, 13, NULL, NULL, NULL, 'yes', NULL, 0),
(995, 178, 21, NULL, 'yes', NULL, NULL, NULL, 0),
(996, 178, 26, 'yes', NULL, 'yes', 'yes', NULL, 0),
(997, 178, 57, NULL, NULL, NULL, 'yes', NULL, 0),
(998, 178, 90, 'yes', 'yes', NULL, 'yes', NULL, 0),
(999, 178, 92, NULL, 'yes', NULL, 'yes', NULL, 0),
(1000, 178, 93, NULL, 'yes', NULL, NULL, NULL, 0),
(1001, 178, 94, NULL, 'yes', NULL, NULL, NULL, 0),
(1002, 178, 95, NULL, 'yes', NULL, NULL, NULL, 0),
(1003, 179, 1, 'yes', 'yes', 'yes', 'yes', NULL, 0),
(1004, 179, 13, NULL, NULL, NULL, 'yes', NULL, 0),
(1005, 179, 14, 'yes', 'yes', NULL, NULL, NULL, 0),
(1006, 179, 21, NULL, 'yes', NULL, NULL, NULL, 0),
(1007, 179, 47, NULL, NULL, NULL, NULL, NULL, 0),
(1008, 179, 57, NULL, NULL, NULL, NULL, NULL, 0),
(1009, 179, 77, NULL, NULL, NULL, NULL, NULL, 0),
(1010, 179, 89, 'yes', 'yes', 'yes', NULL, NULL, 0),
(1011, 179, 90, 'yes', 'yes', 'yes', 'yes', NULL, 0),
(1012, 179, 94, NULL, 'yes', NULL, 'yes', NULL, 0),
(1013, 179, 95, NULL, 'yes', NULL, 'yes', NULL, 0),
(1014, 180, 1, 'yes', 'yes', 'yes', 'yes', NULL, 0),
(1015, 180, 13, NULL, NULL, NULL, NULL, NULL, 0),
(1016, 180, 14, 'yes', 'yes', 'yes', NULL, NULL, 0),
(1017, 180, 47, NULL, NULL, NULL, NULL, NULL, 0),
(1018, 180, 57, NULL, NULL, NULL, NULL, NULL, 0),
(1019, 180, 77, NULL, NULL, NULL, NULL, NULL, 0),
(1020, 180, 89, 'yes', 'yes', 'yes', NULL, NULL, 0),
(1021, 180, 90, 'yes', 'yes', NULL, NULL, NULL, 0),
(1022, 180, 92, NULL, NULL, NULL, NULL, NULL, 0),
(1023, 180, 94, NULL, NULL, NULL, NULL, NULL, 0),
(1024, 181, 1, 'no', NULL, NULL, 'yes', NULL, 0),
(1025, 181, 57, NULL, NULL, NULL, NULL, NULL, 0),
(1026, 181, 90, NULL, 'yes', NULL, 'yes', NULL, 0),
(1027, 181, 92, 'no', 'yes', NULL, 'yes', NULL, 0),
(1028, 181, 93, NULL, 'yes', NULL, NULL, NULL, 0),
(1029, 181, 94, NULL, 'yes', NULL, NULL, NULL, 0),
(1030, 182, 1, 'yes', 'yes', 'yes', 'yes', NULL, 0),
(1031, 182, 57, NULL, NULL, NULL, 'yes', NULL, 0),
(1032, 182, 90, NULL, NULL, 'yes', 'yes', NULL, 0),
(1046, 187, 14, NULL, NULL, NULL, NULL, NULL, 0),
(1045, 187, 13, NULL, NULL, NULL, NULL, NULL, 0),
(1044, 187, 1, 'yes', 'yes', 'yes', 'yes', NULL, 0),
(1036, 182, 13, NULL, NULL, NULL, 'yes', NULL, 0),
(1037, 182, 14, 'yes', 'yes', 'yes', NULL, NULL, 0),
(1038, 182, 21, NULL, NULL, NULL, NULL, NULL, 0),
(1039, 182, 26, NULL, NULL, NULL, 'yes', NULL, 0),
(1040, 182, 47, NULL, NULL, NULL, NULL, NULL, 0),
(1041, 182, 77, NULL, NULL, NULL, NULL, NULL, 0),
(1042, 182, 89, 'yes', 'yes', 'yes', NULL, NULL, 0),
(1043, 182, 95, NULL, NULL, NULL, 'yes', NULL, 0),
(1047, 187, 26, NULL, NULL, NULL, 'yes', NULL, 0),
(1048, 187, 57, NULL, 'yes', NULL, NULL, NULL, 0),
(1049, 187, 77, NULL, NULL, NULL, NULL, NULL, 0),
(1050, 187, 89, 'yes', 'yes', 'yes', 'yes', NULL, 0),
(1051, 187, 90, NULL, NULL, NULL, NULL, NULL, 0),
(1052, 187, 92, NULL, 'yes', NULL, 'yes', NULL, 0),
(1053, 187, 93, NULL, 'yes', NULL, NULL, NULL, 0),
(1054, 187, 94, NULL, 'yes', NULL, NULL, NULL, 0),
(1055, 188, 1, 'yes', 'yes', 'yes', 'yes', NULL, 0),
(1056, 188, 13, NULL, NULL, NULL, 'yes', NULL, 0),
(1057, 188, 14, NULL, NULL, NULL, 'yes', NULL, 0),
(1058, 188, 57, NULL, NULL, NULL, 'yes', NULL, 0),
(1059, 188, 89, 'no', NULL, NULL, NULL, NULL, 0),
(1060, 188, 90, NULL, NULL, NULL, NULL, 1, 0),
(1061, 188, 92, NULL, NULL, NULL, 'yes', NULL, 0),
(1062, 188, 93, NULL, NULL, NULL, NULL, NULL, 0),
(1063, 188, 94, NULL, NULL, NULL, NULL, NULL, 0),
(1064, 188, 97, NULL, NULL, NULL, NULL, NULL, 0),
(1065, 189, 1, 'yes', 'yes', 'yes', 'yes', NULL, 0),
(1066, 189, 13, NULL, NULL, NULL, 'yes', NULL, 0),
(1067, 189, 26, NULL, NULL, NULL, 'yes', NULL, 0),
(1068, 189, 47, NULL, 'yes', 'yes', NULL, NULL, 0),
(1069, 189, 90, 'yes', NULL, NULL, NULL, NULL, 0),
(1070, 189, 92, 'yes', NULL, NULL, NULL, NULL, 0),
(1071, 189, 93, NULL, NULL, NULL, NULL, NULL, 0),
(1072, 189, 94, NULL, NULL, NULL, NULL, NULL, 0),
(1073, 189, 97, NULL, NULL, NULL, NULL, NULL, 0),
(1074, 190, 1, 'yes', 'yes', 'yes', 'yes', NULL, 0),
(1075, 190, 14, NULL, NULL, NULL, 'yes', NULL, 0),
(1076, 190, 26, 'no', 'yes', NULL, 'yes', NULL, 0),
(1077, 190, 47, 'no', 'yes', NULL, NULL, NULL, 0),
(1078, 190, 89, 'yes', 'yes', 'yes', 'yes', NULL, 0),
(1079, 190, 90, NULL, NULL, NULL, 'yes', NULL, 0),
(1080, 190, 97, NULL, NULL, NULL, NULL, NULL, 0),
(1081, 191, 1, 'yes', 'yes', 'yes', 'yes', NULL, 0),
(1082, 191, 13, NULL, NULL, NULL, 'yes', NULL, 0),
(1083, 191, 14, NULL, NULL, NULL, NULL, NULL, 0),
(1084, 191, 41, NULL, 'yes', 'yes', NULL, NULL, 0),
(1085, 191, 47, NULL, 'yes', 'no', NULL, NULL, 0),
(1086, 191, 57, NULL, NULL, NULL, NULL, NULL, 0),
(1087, 191, 88, NULL, NULL, NULL, NULL, NULL, 0),
(1088, 191, 89, NULL, NULL, NULL, 'yes', NULL, 0),
(1089, 191, 90, NULL, 'yes', NULL, 'yes', NULL, 0),
(1090, 191, 92, NULL, 'yes', NULL, 'yes', NULL, 0),
(1091, 191, 93, NULL, 'yes', NULL, NULL, NULL, 0),
(1092, 191, 94, NULL, 'yes', NULL, NULL, NULL, 0),
(1093, 191, 97, NULL, 'yes', NULL, NULL, NULL, 0),
(1094, 192, 1, 'yes', 'yes', 'yes', 'yes', NULL, 0),
(1095, 192, 13, NULL, NULL, NULL, 'yes', NULL, 0),
(1096, 192, 21, NULL, 'yes', NULL, 'yes', NULL, 0),
(1097, 192, 47, 'yes', 'yes', NULL, NULL, NULL, 0),
(1098, 192, 57, NULL, NULL, NULL, 'yes', NULL, 0),
(1099, 193, 1, 'yes', 'yes', 'yes', 'yes', NULL, 0),
(1100, 193, 14, 'yes', 'yes', 'yes', 'yes', NULL, 0),
(1101, 193, 26, NULL, NULL, NULL, 'yes', NULL, 0),
(1102, 193, 47, NULL, 'yes', 'yes', NULL, NULL, 0),
(1103, 193, 57, NULL, NULL, NULL, NULL, NULL, 0),
(1104, 193, 89, 'yes', 'yes', 'yes', 'yes', NULL, 0),
(1105, 193, 90, NULL, 'yes', NULL, 'yes', NULL, 0),
(1106, 193, 92, NULL, 'yes', NULL, 'yes', NULL, 0),
(1107, 193, 93, NULL, 'yes', NULL, NULL, NULL, 0),
(1108, 193, 94, NULL, 'yes', NULL, NULL, NULL, 0);
INSERT INTO `servicelist` (`ID`, `ServiceID`, `AttendeeID`, `SunSchAttend`, `SunMornAttend`, `SunEvenAttend`, `Bible`, `Visitors`, `extrapoints`) VALUES
(1109, 193, 97, NULL, 'yes', NULL, NULL, NULL, 0),
(1110, 194, 1, NULL, 'yes', NULL, 'yes', NULL, 0),
(1111, 194, 14, 'yes', 'yes', NULL, NULL, NULL, 0),
(1112, 194, 47, NULL, 'yes', NULL, NULL, NULL, 0),
(1113, 194, 89, 'yes', 'yes', 'yes', NULL, NULL, 0),
(1114, 194, 90, NULL, NULL, NULL, 'yes', NULL, 0),
(1115, 194, 92, NULL, NULL, NULL, NULL, NULL, 0),
(1116, 194, 93, NULL, NULL, NULL, NULL, NULL, 0),
(1117, 194, 94, NULL, 'no', NULL, NULL, NULL, 0),
(1118, 195, 1, NULL, NULL, NULL, NULL, NULL, 0),
(1119, 195, 14, 'yes', 'yes', 'yes', 'yes', NULL, 0),
(1120, 195, 21, NULL, NULL, NULL, NULL, NULL, 0),
(1121, 195, 26, 'yes', 'yes', NULL, 'yes', NULL, 0),
(1122, 195, 47, NULL, NULL, NULL, NULL, NULL, 0),
(1123, 195, 88, NULL, NULL, 'yes', NULL, NULL, 0),
(1124, 195, 89, 'yes', 'yes', 'yes', 'yes', NULL, 0),
(1125, 195, 90, NULL, 'yes', NULL, 'yes', NULL, 0),
(1126, 195, 92, NULL, NULL, NULL, 'yes', NULL, 0),
(1127, 195, 93, NULL, NULL, NULL, NULL, NULL, 0),
(1128, 195, 94, NULL, NULL, NULL, NULL, NULL, 0),
(1129, 195, 98, NULL, NULL, NULL, NULL, NULL, 0),
(1130, 195, 99, NULL, 'yes', 'yes', NULL, NULL, 0),
(1131, 196, 1, 'yes', 'yes', NULL, 'yes', NULL, 0),
(1132, 196, 21, NULL, NULL, NULL, NULL, NULL, 0),
(1133, 196, 26, NULL, NULL, NULL, 'yes', NULL, 0),
(1134, 196, 47, NULL, NULL, 'yes', NULL, NULL, 0),
(1135, 196, 88, NULL, 'yes', NULL, NULL, NULL, 0),
(1136, 196, 90, NULL, 'yes', NULL, 'yes', NULL, 0),
(1137, 196, 92, NULL, 'yes', NULL, 'yes', NULL, 0),
(1138, 196, 93, NULL, 'yes', NULL, 'yes', NULL, 0),
(1139, 196, 94, NULL, 'yes', NULL, NULL, NULL, 0),
(1140, 196, 98, NULL, NULL, NULL, NULL, NULL, 0),
(1141, 196, 99, 'yes', 'yes', 'yes', 'yes', NULL, 0),
(1142, 197, 1, 'yes', NULL, NULL, 'yes', NULL, 0),
(1143, 197, 13, NULL, NULL, NULL, 'yes', NULL, 0),
(1144, 197, 14, NULL, NULL, NULL, 'yes', NULL, 0),
(1145, 197, 26, 'yes', 'yes', NULL, 'yes', NULL, 0),
(1146, 197, 57, NULL, NULL, NULL, NULL, NULL, 0),
(1147, 197, 88, NULL, 'yes', NULL, NULL, NULL, 0),
(1148, 197, 89, NULL, NULL, 'yes', 'yes', NULL, 0),
(1149, 197, 98, NULL, NULL, NULL, 'yes', NULL, 0),
(1150, 197, 99, 'yes', NULL, NULL, 'yes', NULL, 0),
(1151, 198, 1, 'yes', 'yes', 'yes', 'yes', NULL, 0),
(1152, 198, 47, NULL, NULL, NULL, NULL, NULL, 0),
(1153, 198, 89, NULL, NULL, NULL, 'yes', NULL, 0),
(1154, 198, 90, NULL, 'yes', NULL, 'yes', NULL, 0),
(1155, 198, 92, NULL, 'yes', NULL, 'yes', NULL, 0),
(1156, 198, 93, NULL, 'yes', NULL, 'yes', NULL, 0),
(1157, 198, 94, NULL, 'yes', 'no', 'yes', NULL, 0),
(1158, 198, 99, 'yes', 'yes', 'yes', NULL, NULL, 0),
(1159, 198, 13, NULL, NULL, 'yes', 'yes', NULL, 0),
(1160, 199, 0, NULL, NULL, NULL, NULL, NULL, 0),
(1161, 199, 1, 'yes', 'yes', 'yes', 'yes', NULL, 0),
(1162, 199, 14, 'yes', 'yes', 'yes', NULL, NULL, 0),
(1163, 199, 47, NULL, NULL, NULL, NULL, NULL, 0),
(1164, 199, 88, NULL, NULL, NULL, NULL, NULL, 0),
(1165, 199, 89, 'yes', 'yes', 'yes', NULL, NULL, 0),
(1166, 199, 98, NULL, NULL, NULL, NULL, NULL, 0),
(1167, 199, 99, 'no', 'yes', 'yes', NULL, 1, 0),
(1168, 199, 102, NULL, NULL, NULL, NULL, NULL, 0),
(1169, 199, 103, 'no', 'yes', NULL, NULL, 1, 0),
(1170, 199, 104, NULL, NULL, NULL, NULL, NULL, 0),
(1171, 200, 0, NULL, NULL, NULL, NULL, NULL, 0),
(1172, 200, 1, 'yes', 'yes', 'yes', NULL, NULL, 0),
(1173, 200, 14, 'yes', 'yes', NULL, NULL, NULL, 0),
(1174, 200, 47, 'yes', NULL, 'yes', NULL, NULL, 0),
(1175, 200, 57, 'yes', NULL, NULL, NULL, 0, 0),
(1176, 200, 89, 'yes', 'yes', NULL, 'no', NULL, 0),
(1177, 200, 99, NULL, NULL, NULL, 'yes', NULL, 0),
(1178, 200, 102, NULL, NULL, NULL, NULL, NULL, 0),
(1179, 194, 98, NULL, NULL, NULL, NULL, NULL, 0),
(1180, 201, 1, 'yes', 'yes', 'yes', 'yes', NULL, 0),
(1181, 201, 14, 'yes', 'yes', 'yes', 'yes', NULL, 0),
(1182, 201, 26, NULL, NULL, NULL, NULL, NULL, 0),
(1183, 201, 47, NULL, NULL, NULL, NULL, NULL, 0),
(1184, 201, 57, NULL, NULL, NULL, NULL, NULL, 0),
(1185, 201, 89, 'yes', 'yes', 'yes', 'yes', NULL, 0),
(1186, 201, 99, 'yes', 'yes', NULL, 'yes', NULL, 0),
(1187, 201, 103, NULL, 'yes', NULL, NULL, NULL, 0),
(1188, 202, 1, 'yes', 'yes', 'yes', 'yes', NULL, 0),
(1189, 202, 14, 'yes', 'yes', 'yes', 'yes', NULL, 0),
(1190, 202, 21, NULL, NULL, NULL, NULL, NULL, 0),
(1191, 202, 26, NULL, 'yes', NULL, NULL, NULL, 0),
(1192, 202, 89, 'yes', 'yes', 'yes', 'yes', NULL, 0),
(1193, 202, 98, NULL, NULL, NULL, NULL, NULL, 0),
(1194, 202, 99, NULL, NULL, NULL, NULL, NULL, 0),
(1195, 202, 103, NULL, 'yes', NULL, NULL, 1, 0),
(1196, 202, 104, NULL, NULL, NULL, NULL, NULL, 0),
(1197, 203, 1, 'yes', 'yes', 'yes', 'yes', NULL, 0),
(1198, 203, 13, NULL, NULL, NULL, 'yes', NULL, 0),
(1199, 203, 88, NULL, 'yes', NULL, NULL, NULL, 0),
(1200, 203, 90, NULL, 'yes', NULL, 'yes', NULL, 0),
(1201, 203, 92, NULL, 'yes', NULL, 'yes', NULL, 0),
(1202, 203, 93, NULL, 'yes', NULL, 'yes', NULL, 0),
(1203, 203, 94, NULL, 'yes', NULL, 'yes', NULL, 0),
(1204, 203, 98, NULL, 'yes', NULL, NULL, NULL, 0),
(1205, 203, 99, 'yes', 'yes', 'yes', NULL, NULL, 0),
(1206, 203, 103, NULL, 'yes', NULL, NULL, NULL, 0),
(1207, 204, 1, 'yes', 'yes', 'yes', 'yes', NULL, 0),
(1208, 204, 13, NULL, NULL, NULL, NULL, NULL, 0),
(1209, 204, 14, 'yes', 'yes', 'yes', NULL, NULL, 0),
(1210, 204, 26, NULL, NULL, NULL, 'yes', NULL, 0),
(1211, 204, 66, NULL, NULL, NULL, NULL, NULL, 0),
(1212, 204, 89, 'yes', 'yes', 'yes', 'yes', NULL, 0),
(1213, 204, 90, NULL, 'yes', NULL, NULL, NULL, 0),
(1214, 204, 92, NULL, 'yes', NULL, 'yes', NULL, 0),
(1215, 204, 93, NULL, 'yes', NULL, 'yes', NULL, 0),
(1216, 204, 94, NULL, 'yes', NULL, 'yes', NULL, 0),
(1217, 204, 99, 'yes', 'yes', NULL, 'yes', NULL, 0),
(1218, 204, 103, NULL, NULL, NULL, NULL, NULL, 0),
(1219, 205, 1, 'yes', 'yes', 'yes', 'yes', NULL, 0),
(1220, 205, 13, NULL, NULL, NULL, NULL, NULL, 0),
(1221, 205, 14, NULL, NULL, NULL, NULL, NULL, 0),
(1222, 205, 26, NULL, 'yes', NULL, 'yes', NULL, 0),
(1223, 205, 66, NULL, 'yes', NULL, NULL, NULL, 0),
(1224, 205, 89, NULL, NULL, NULL, NULL, NULL, 0),
(1225, 205, 98, NULL, NULL, NULL, NULL, NULL, 0),
(1226, 205, 99, 'yes', 'yes', 'yes', 'yes', NULL, 0),
(1227, 205, 103, NULL, 'yes', NULL, NULL, NULL, 0);

-- --------------------------------------------------------

--
-- Table structure for table `servicepoints`
--

CREATE TABLE IF NOT EXISTS `servicepoints` (
  `ID` int(11) NOT NULL AUTO_INCREMENT,
  `ServiceID` int(11) NOT NULL COMMENT 'ID of the service',
  `TeamID` int(11) NOT NULL COMMENT 'ID of the attendee receiving the points or 0 if points for team in general',
  `Points` int(11) NOT NULL,
  `Description` mediumtext COMMENT '(Optional) The description of what the points are for.',
  PRIMARY KEY (`ID`)
) ENGINE=MyISAM  DEFAULT CHARSET=latin1 AUTO_INCREMENT=15 ;

--
-- Dumping data for table `servicepoints`
--

INSERT INTO `servicepoints` (`ID`, `ServiceID`, `TeamID`, `Points`, `Description`) VALUES
(1, 16, 6, 200000, 'Just Stuff'),
(2, 17, 6, 270000, 'Two balloon grab games'),
(3, 17, 8, 370000, 'B-day song, and two baloon grab games'),
(4, 18, 6, 50000, 'Game--Ashley 3rd place'),
(5, 20, 6, 50000, 'Activity--minute-to-winit'),
(6, 22, 6, 100000, 'Water game.'),
(7, 24, 8, 350000, 'Games, visitors extra for Amelias sister and friend that I didn''t want to add to visitors.'),
(8, 30, 6, 100000, 'Tea Party game.  Connor won and only took 2 seconds.'),
(9, 32, 6, 50000, ''),
(10, 38, 6, 50000, 'Angry Birds Game'),
(11, 39, 8, 200000, 'Visitor''s for Kari, Josh and Justin Cramer'),
(12, 40, 8, 100000, 'Sticky hand game, Justin 190000'),
(13, 44, 8, 50000, 'Clothes pin game'),
(14, 45, 6, 100000, 'Land skating game');

-- --------------------------------------------------------

--
-- Table structure for table `sponsor`
--

CREATE TABLE IF NOT EXISTS `sponsor` (
  `ID` int(11) NOT NULL COMMENT 'Primary Key',
  `BackgroundCheck` enum('yes','no') DEFAULT NULL,
  `VanEligible` enum('yes','no') DEFAULT NULL,
  `MaritalStatus` enum('married','single','divorced','engaged') DEFAULT NULL,
  `Anniversary` date DEFAULT NULL,
  PRIMARY KEY (`ID`)
) ENGINE=MyISAM DEFAULT CHARSET=latin1;

-- --------------------------------------------------------

--
-- Table structure for table `student`
--

CREATE TABLE IF NOT EXISTS `student` (
  `ID` int(11) NOT NULL COMMENT 'Primary Key',
  `OtherChurch` varchar(75) DEFAULT NULL COMMENT 'If the student attends another church as home church.',
  `PreviousChurch` varchar(75) DEFAULT NULL COMMENT 'If the student attended a church prior to starting here.',
  `SchoolName` varchar(50) DEFAULT NULL COMMENT 'School the student attends.',
  `GraduationDate` date DEFAULT '0000-00-00' COMMENT 'Date student is expected to graduate highschool.',
  `StartDate` date DEFAULT '0000-00-00' COMMENT 'Date student started to attend youth group.',
  `LeaveDate` date DEFAULT '0000-00-00' COMMENT 'Date student stopped attending youth group.',
  `LeaveReason` text COMMENT 'Reason student stopped attending youth group.',
  PRIMARY KEY (`ID`)
) ENGINE=MyISAM DEFAULT CHARSET=latin1;

--
-- Dumping data for table `student`
--

INSERT INTO `student` (`ID`, `OtherChurch`, `PreviousChurch`, `SchoolName`, `GraduationDate`, `StartDate`, `LeaveDate`, `LeaveReason`) VALUES
(1, 'NULL', 'First AG Columbia MO', 'Gentry Middle School', '2016-05-01', '2010-04-01', '0000-00-00', 'NULL'),
(2, 'Fairview Methodist', 'NULL', 'Gentry Middle School', '2016-05-05', '2010-08-01', '0000-00-00', 'NULL'),
(12, 'NULL', 'Parkade', 'Hickman High School', '2011-05-21', '2011-02-16', '0000-00-00', 'NULL'),
(11, 'NULL', 'NULL', 'Hallsville', '2017-05-01', '2011-02-16', '0000-00-00', 'NULL'),
(13, 'NULL', 'Parkade', 'Hickman High School', '2013-05-21', '2011-02-16', '0000-00-00', 'NULL'),
(14, 'NULL', 'NULL', 'Fulton Middle School', '2016-05-01', '2011-02-16', '0000-00-00', 'NULL'),
(15, 'NULL', 'NULL', 'Hickman High School', '2012-01-01', '2011-02-16', '0000-00-00', 'NULL'),
(16, 'NULL', 'NULL', 'Hallsville High School', '2014-05-01', '2011-02-16', '0000-00-00', 'NULL'),
(17, 'NULL', 'NULL', 'NULL', '0000-00-00', '2011-02-17', '0000-00-00', 'NULL'),
(18, 'NULL', 'NULL', 'Hickman High School', '2010-05-21', '2011-02-17', '0000-00-00', 'NULL'),
(19, 'NULL', 'NULL', 'Hallsville High School', '2011-05-22', '2004-02-17', '0000-00-00', 'NULL'),
(20, 'NULL', 'NULL', 'Hallsville High School', '0000-00-00', '2011-02-17', '0000-00-00', 'NULL'),
(21, 'NULL', 'NULL', 'NULL', '0000-00-00', '2011-02-17', '0000-00-00', 'NULL'),
(22, 'NULL', 'NULL', 'Hickman High School', '0000-00-00', '2011-02-17', '0000-00-00', 'NULL'),
(23, 'NULL', 'NULL', 'Hallsville', '2015-05-22', '2008-02-17', '0000-00-00', 'NULL'),
(24, 'NULL', 'NULL', 'NULL', '0000-00-00', '2011-02-17', '0000-00-00', 'NULL'),
(25, 'NULL', 'NULL', 'NULL', '0000-00-00', '2011-02-17', '0000-00-00', 'NULL'),
(26, 'NULL', 'Christian Chapel Academy', 'Jefferson Junior High School', '2014-06-07', '2011-03-03', '0000-00-00', 'NULL'),
(27, 'Community of Christ', 'United Pentecostal Church', 'Home schooled', '0000-00-00', '2011-03-03', '0000-00-00', 'NULL'),
(28, 'NULL', 'NULL', 'NULL', '0000-00-00', '2010-11-01', '0000-00-00', 'NULL'),
(29, 'NULL', 'NULL', 'NULL', '0000-00-00', '2010-07-01', '0000-00-00', 'NULL'),
(30, 'NULL', 'NULL', 'NULL', '0000-00-00', '2011-03-08', '0000-00-00', 'NULL'),
(31, 'NULL', 'NULL', 'NULL', '0000-00-00', '2011-03-08', '0000-00-00', 'NULL'),
(32, 'NULL', 'NULL', 'NULL', '0000-00-00', '2011-03-08', '0000-00-00', 'NULL'),
(33, 'NULL', 'NULL', 'NULL', '0000-00-00', '2011-03-08', '0000-00-00', 'NULL'),
(34, 'First Baptist, First Nazarene', 'Family Worship Center', 'Booneville High School', '2010-05-16', '2011-02-09', '0000-00-00', 'NULL'),
(41, 'NULL', 'NULL', 'Booneville High School', '0000-00-00', '2011-03-09', '0000-00-00', 'NULL'),
(42, 'NULL', 'NULL', 'Gentry Middle School', '0000-00-00', '2011-03-09', '0000-00-00', 'NULL'),
(43, 'NULL', 'NULL', 'Hickman High School', '2009-12-15', '2011-03-09', '0000-00-00', 'NULL'),
(44, 'NULL', 'NULL', 'NULL', '0000-00-00', '0000-00-00', '0000-00-00', 'NULL'),
(45, 'NULL', 'NULL', 'NULL', '0000-00-00', '0000-00-00', '0000-00-00', 'NULL'),
(46, 'NULL', 'NULL', 'NULL', '0000-00-00', '2011-03-29', '0000-00-00', 'NULL'),
(47, 'NULL', 'NULL', 'NULL', '0000-00-00', '2011-04-14', '0000-00-00', 'NULL'),
(48, 'NULL', 'NULL', 'NULL', '0000-00-00', '2011-04-21', '0000-00-00', 'NULL'),
(49, 'NULL', 'NULL', 'NULL', '0000-00-00', '2011-05-12', '0000-00-00', 'NULL'),
(50, 'NULL', 'NULL', 'NULL', '0000-00-00', '2011-06-02', '0000-00-00', 'NULL'),
(51, 'NULL', 'NULL', 'NULL', '0000-00-00', '2011-06-02', '0000-00-00', 'NULL'),
(52, 'NULL', 'NULL', 'NULL', '0000-00-00', '2011-06-02', '0000-00-00', 'NULL'),
(53, 'NULL', 'NULL', 'NULL', '0000-00-00', '2011-06-02', '0000-00-00', 'NULL'),
(54, 'NULL', 'NULL', 'NULL', '0000-00-00', '2011-06-23', '0000-00-00', 'NULL'),
(55, 'NULL', 'NULL', 'NULL', '0000-00-00', '2011-06-23', '0000-00-00', 'NULL'),
(56, 'NULL', 'NULL', 'NULL', '0000-00-00', '2011-06-23', '0000-00-00', 'NULL'),
(57, 'NULL', 'Good Shepherd Lutheren', 'Hickman High School', '2014-05-01', '2009-06-23', '0000-00-00', 'NULL'),
(58, 'NULL', 'NULL', 'NULL', '0000-00-00', '2011-06-23', '0000-00-00', 'NULL'),
(59, 'NULL', 'NULL', 'NULL', '0000-00-00', '2011-07-11', '0000-00-00', 'NULL'),
(60, 'NULL', 'NULL', 'NULL', '0000-00-00', '2011-07-11', '0000-00-00', 'NULL'),
(61, 'NULL', 'NULL', 'Hickman High School', '0000-00-00', '2011-07-27', '0000-00-00', 'NULL'),
(62, 'NULL', 'NULL', 'Hickman High School', '0000-00-00', '2011-07-27', '0000-00-00', 'NULL'),
(63, 'NULL', 'NULL', 'NULL', '0000-00-00', '2011-08-04', '0000-00-00', 'NULL'),
(64, 'New Hope Baptist', 'New Hope Baptist', 'NULL', '0000-00-00', '2011-08-10', '0000-00-00', 'NULL'),
(65, 'NULL', 'NULL', 'NULL', '0000-00-00', '2011-08-17', '0000-00-00', 'NULL'),
(66, 'NULL', 'NULL', 'NULL', '0000-00-00', '2011-08-17', '0000-00-00', 'NULL'),
(67, 'NULL', 'NULL', 'NULL', '0000-00-00', '2011-08-17', '0000-00-00', 'NULL'),
(68, 'NULL', 'NULL', 'NULL', '0000-00-00', '2011-08-24', '0000-00-00', 'NULL'),
(69, 'NULL', 'NULL', 'NULL', '0000-00-00', '2011-09-07', '0000-00-00', 'NULL'),
(70, 'NULL', 'NULL', 'NULL', '0000-00-00', '2011-09-28', '0000-00-00', 'NULL'),
(71, 'NULL', 'NULL', 'NULL', '0000-00-00', '2011-12-07', '0000-00-00', 'NULL'),
(72, 'NULL', 'NULL', 'NULL', '0000-00-00', '2011-12-21', '0000-00-00', 'NULL'),
(73, 'NULL', 'NULL', 'NULL', '0000-00-00', '2011-12-21', '0000-00-00', 'NULL'),
(74, 'NULL', 'NULL', 'NULL', '0000-00-00', '2012-02-08', '0000-00-00', 'NULL'),
(75, 'NULL', 'NULL', 'NULL', '0000-00-00', '2012-03-07', '0000-00-00', 'NULL'),
(76, 'NULL', 'NULL', 'NULL', '0000-00-00', '2012-03-14', '0000-00-00', 'NULL'),
(77, 'NULL', 'NULL', 'NULL', '0000-00-00', '2012-03-21', '0000-00-00', 'NULL'),
(78, 'Hallsville Methodist', 'The Crossing', 'Hallsville', '0000-00-00', '2012-05-03', '0000-00-00', 'NULL'),
(79, 'NULL', 'NULL', 'NULL', '0000-00-00', '2012-05-03', '0000-00-00', 'NULL'),
(80, 'NULL', 'NULL', 'NULL', '0000-00-00', '2012-05-09', '0000-00-00', 'NULL'),
(81, 'NULL', 'NULL', 'NULL', '0000-00-00', '2012-07-25', '0000-00-00', 'NULL'),
(82, 'NULL', 'NULL', 'NULL', '0000-00-00', '2012-08-08', '0000-00-00', 'NULL'),
(83, 'NULL', 'NULL', 'NULL', '0000-00-00', '2012-08-08', '0000-00-00', 'NULL'),
(84, 'NULL', 'NULL', 'NULL', '0000-00-00', '2012-08-08', '0000-00-00', 'NULL'),
(85, 'NULL', 'NULL', 'NULL', '0000-00-00', '2012-08-08', '0000-00-00', 'NULL'),
(86, 'NULL', 'NULL', 'NULL', '0000-00-00', '2012-08-08', '0000-00-00', 'NULL'),
(87, 'NULL', 'NULL', 'NULL', '0000-00-00', '2012-08-08', '0000-00-00', 'NULL'),
(88, 'NULL', 'NULL', 'NULL', '0000-00-00', '2012-08-08', '0000-00-00', 'NULL'),
(89, 'NULL', 'NULL', 'NULL', '0000-00-00', '2012-08-15', '0000-00-00', 'NULL'),
(90, 'NULL', 'NULL', 'Oakland Junior High', '2017-05-01', '2012-12-19', '0000-00-00', 'NULL'),
(91, 'NULL', 'NULL', 'NULL', '0000-00-00', '2012-12-19', '0000-00-00', 'NULL'),
(92, 'NULL', 'NULL', 'NULL', '0000-00-00', '2012-12-19', '0000-00-00', 'NULL'),
(93, 'NULL', 'NULL', 'NULL', '0000-00-00', '2012-12-19', '0000-00-00', 'NULL'),
(94, 'NULL', 'NULL', 'NULL', '0000-00-00', '2012-12-19', '0000-00-00', 'NULL'),
(95, 'NULL', 'NULL', 'NULL', '0000-00-00', '2013-04-24', '0000-00-00', 'NULL'),
(96, 'NULL', 'NULL', 'NULL', '0000-00-00', '2013-04-29', '0000-00-00', 'NULL'),
(97, 'NULL', 'NULL', 'NULL', '0000-00-00', '2013-07-31', '0000-00-00', 'NULL'),
(98, 'NULL', 'NULL', 'Jefferson Junior', '0000-00-00', '2013-08-28', '0000-00-00', 'NULL'),
(99, 'NULL', 'NULL', 'NULL', '0000-00-00', '2013-09-18', '0000-00-00', 'NULL'),
(100, 'NULL', 'NULL', 'NULL', '0000-00-00', '2013-09-24', '0000-00-00', 'NULL'),
(101, 'NULL', 'NULL', 'NULL', '0000-00-00', '2013-09-24', '0000-00-00', 'NULL'),
(102, 'NULL', 'NULL', 'NULL', '0000-00-00', '2013-10-10', '0000-00-00', 'NULL'),
(103, 'NULL', 'NULL', 'NULL', '0000-00-00', '2013-10-09', '0000-00-00', 'NULL'),
(104, 'NULL', 'NULL', 'NULL', '0000-00-00', '2013-10-10', '0000-00-00', 'NULL');

-- --------------------------------------------------------

--
-- Table structure for table `team`
--

CREATE TABLE IF NOT EXISTS `team` (
  `ID` int(11) NOT NULL AUTO_INCREMENT COMMENT 'Primary Key',
  `Name` varchar(30) NOT NULL,
  `Start` date NOT NULL COMMENT 'Date the team was created',
  `End` date DEFAULT '0000-00-00',
  `Notes` mediumtext,
  PRIMARY KEY (`ID`),
  UNIQUE KEY `Unique Name` (`Name`) COMMENT 'No teams with same name for simplicity and redundancy sake.'
) ENGINE=MyISAM  DEFAULT CHARSET=latin1 AUTO_INCREMENT=10 ;

--
-- Dumping data for table `team`
--

INSERT INTO `team` (`ID`, `Name`, `Start`, `End`, `Notes`) VALUES
(6, 'Crouch Potatoes', '2010-09-01', NULL, 'Logo was created by Youth Pastor.  They don\\''t seem the most motivated :)'),
(9, 'INDIVIDUAL SIGN-UP', '2011-08-04', '0000-00-00', 'Used for signing up everyone until individual sign-up option has been added to the program.'),
(8, 'Word', '2010-09-01', NULL, '');

-- --------------------------------------------------------

--
-- Table structure for table `teamlist`
--

CREATE TABLE IF NOT EXISTS `teamlist` (
  `ID` int(11) NOT NULL AUTO_INCREMENT COMMENT 'Primary Key',
  `TeamID` int(11) NOT NULL COMMENT 'Foreign Key for Team instance.',
  `AttendeeID` int(11) NOT NULL COMMENT 'Foreign Key for Attendee instance.',
  `AttendeeRole` varchar(30) DEFAULT NULL COMMENT 'The role for the attendee on the team',
  PRIMARY KEY (`ID`)
) ENGINE=MyISAM  DEFAULT CHARSET=latin1 AUTO_INCREMENT=102 ;

--
-- Dumping data for table `teamlist`
--

INSERT INTO `teamlist` (`ID`, `TeamID`, `AttendeeID`, `AttendeeRole`) VALUES
(70, 9, 63, NULL),
(59, 9, 1, NULL),
(68, 9, 62, NULL),
(58, 9, 43, NULL),
(55, 9, 26, NULL),
(56, 9, 2, NULL),
(57, 9, 14, NULL),
(69, 9, 61, NULL),
(54, 9, 12, NULL),
(60, 9, 18, NULL),
(61, 9, 48, NULL),
(62, 9, 19, NULL),
(63, 9, 23, NULL),
(64, 9, 16, NULL),
(65, 9, 11, NULL),
(66, 9, 50, NULL),
(67, 9, 57, NULL),
(53, 9, 13, NULL),
(71, 9, 64, NULL),
(72, 9, 65, NULL),
(73, 9, 66, NULL),
(74, 9, 67, NULL),
(75, 9, 68, NULL),
(76, 9, 69, NULL),
(77, 0, 62, NULL),
(78, 0, 70, NULL),
(79, 0, 47, NULL),
(80, 0, 71, NULL),
(81, 0, 24, NULL),
(82, 0, 69, NULL),
(83, 0, 72, NULL),
(84, 0, 73, NULL),
(85, 0, 20, NULL),
(86, 0, 33, NULL),
(87, 0, 46, NULL),
(88, 0, 32, NULL),
(89, 0, 26, NULL),
(90, 0, 12, NULL),
(91, 0, 15, NULL),
(92, 0, 29, NULL),
(93, 0, 30, NULL),
(94, 0, 52, NULL),
(95, 0, 13, NULL),
(96, 0, 51, NULL),
(97, 0, 74, NULL),
(98, 0, 75, NULL),
(99, 0, 76, NULL),
(100, 0, 77, NULL),
(101, 0, 80, NULL);

-- --------------------------------------------------------

--
-- Table structure for table `tempsignin`
--

CREATE TABLE IF NOT EXISTS `tempsignin` (
  `ID` int(11) NOT NULL AUTO_INCREMENT,
  `date` date NOT NULL,
  `AttendeeID` int(11) NOT NULL,
  `SunSchAttend` enum('yes','no') DEFAULT NULL,
  `SunMornAttend` enum('yes','no') DEFAULT NULL,
  `SunEvenAttend` enum('yes','no') DEFAULT NULL,
  `Bible` enum('yes','no') DEFAULT NULL,
  `Visitors` int(11) DEFAULT NULL,
  `extrapoints` int(11) NOT NULL DEFAULT '0',
  PRIMARY KEY (`ID`),
  UNIQUE KEY `unique_signin` (`date`,`AttendeeID`)
) ENGINE=MyISAM  DEFAULT CHARSET=latin1 AUTO_INCREMENT=193 ;

--
-- Dumping data for table `tempsignin`
--

INSERT INTO `tempsignin` (`ID`, `date`, `AttendeeID`, `SunSchAttend`, `SunMornAttend`, `SunEvenAttend`, `Bible`, `Visitors`, `extrapoints`) VALUES
(12, '2012-01-11', 2, NULL, NULL, NULL, NULL, NULL, 0),
(11, '1999-03-12', 27, NULL, NULL, NULL, NULL, NULL, 0),
(10, '2012-01-11', 13, NULL, NULL, NULL, NULL, NULL, 0),
(13, '2012-01-11', 47, NULL, NULL, NULL, NULL, NULL, 0),
(14, '2012-01-11', 66, NULL, NULL, NULL, NULL, NULL, 0),
(15, '2012-01-11', 1, NULL, NULL, NULL, NULL, NULL, 0),
(16, '2012-01-11', 14, NULL, NULL, NULL, NULL, NULL, 0),
(17, '2012-01-11', 50, NULL, NULL, NULL, NULL, NULL, 0),
(18, '2012-01-11', 16, NULL, NULL, NULL, NULL, NULL, 0),
(19, '2012-01-11', 15, NULL, NULL, NULL, NULL, NULL, 0),
(20, '2012-01-11', 26, NULL, NULL, NULL, NULL, NULL, 0),
(21, '2012-01-18', 15, NULL, NULL, NULL, NULL, NULL, 0),
(22, '2012-01-18', 50, NULL, NULL, NULL, NULL, NULL, 0),
(23, '2012-01-18', 14, NULL, NULL, NULL, NULL, NULL, 0),
(24, '2012-01-18', 11, NULL, NULL, NULL, NULL, NULL, 0),
(25, '2012-01-18', 66, NULL, NULL, NULL, NULL, NULL, 0),
(26, '2012-01-18', 1, NULL, NULL, NULL, NULL, NULL, 0),
(27, '2012-01-18', 26, NULL, NULL, NULL, NULL, NULL, 0),
(28, '2012-01-18', 13, NULL, NULL, NULL, NULL, NULL, 0),
(29, '2012-01-25', 13, NULL, NULL, NULL, NULL, NULL, 0),
(30, '2012-01-25', 15, NULL, NULL, NULL, NULL, NULL, 0),
(31, '2012-01-25', 14, NULL, NULL, NULL, NULL, NULL, 0),
(32, '2012-01-25', 1, NULL, NULL, NULL, NULL, NULL, 0),
(33, '2012-01-25', 66, NULL, NULL, NULL, NULL, NULL, 0),
(34, '2012-02-01', 13, NULL, NULL, NULL, NULL, NULL, 0),
(35, '2012-02-01', 1, NULL, NULL, NULL, NULL, NULL, 0),
(36, '2012-02-01', 14, NULL, NULL, NULL, NULL, NULL, 0),
(37, '2012-02-01', 15, NULL, NULL, NULL, NULL, NULL, 0),
(38, '2012-02-01', 47, NULL, NULL, NULL, NULL, NULL, 0),
(39, '2012-02-01', 50, NULL, NULL, NULL, NULL, NULL, 0),
(40, '2012-02-01', 66, NULL, NULL, NULL, NULL, NULL, 0),
(41, '2012-02-01', 2, NULL, NULL, NULL, NULL, NULL, 0),
(42, '2012-02-08', 1, NULL, NULL, NULL, NULL, NULL, 0),
(43, '2012-02-08', 13, NULL, NULL, NULL, NULL, NULL, 0),
(44, '2012-02-08', 14, NULL, NULL, NULL, NULL, NULL, 0),
(45, '2012-02-08', 15, NULL, NULL, NULL, NULL, NULL, 0),
(46, '2012-02-08', 47, NULL, NULL, NULL, NULL, NULL, 0),
(47, '2012-02-08', 26, NULL, NULL, NULL, NULL, NULL, 0),
(48, '2012-02-08', 71, NULL, NULL, NULL, NULL, NULL, 0),
(49, '2012-02-08', 16, NULL, NULL, NULL, NULL, NULL, 0),
(50, '2012-02-08', 11, NULL, NULL, NULL, NULL, NULL, 0),
(51, '2012-02-15', 13, NULL, NULL, NULL, NULL, NULL, 0),
(52, '2012-02-15', 66, NULL, NULL, NULL, NULL, NULL, 0),
(53, '2012-02-15', 15, NULL, NULL, NULL, NULL, NULL, 0),
(54, '2012-02-15', 2, NULL, NULL, NULL, NULL, NULL, 0),
(55, '2012-02-15', 26, NULL, NULL, NULL, NULL, NULL, 0),
(56, '2012-02-15', 47, NULL, NULL, NULL, NULL, NULL, 0),
(57, '2012-02-15', 16, NULL, NULL, NULL, NULL, NULL, 0),
(58, '2012-02-15', 1, NULL, NULL, NULL, NULL, NULL, 0),
(59, '2012-02-22', 66, NULL, NULL, NULL, NULL, NULL, 0),
(60, '2012-02-22', 26, NULL, NULL, NULL, NULL, NULL, 0),
(61, '2012-02-22', 1, NULL, NULL, NULL, NULL, NULL, 0),
(62, '2012-02-22', 2, NULL, NULL, NULL, NULL, NULL, 0),
(63, '2012-02-22', 14, NULL, NULL, NULL, NULL, NULL, 0),
(64, '2012-02-22', 15, NULL, NULL, NULL, NULL, NULL, 0),
(65, '2012-02-22', 74, NULL, NULL, NULL, NULL, NULL, 0),
(66, '2012-02-22', 13, NULL, NULL, NULL, NULL, NULL, 0),
(67, '2012-02-29', 1, NULL, NULL, NULL, NULL, NULL, 0),
(68, '2012-02-29', 66, NULL, NULL, NULL, NULL, NULL, 0),
(69, '2012-02-29', 14, NULL, NULL, NULL, NULL, NULL, 0),
(70, '2012-02-29', 74, NULL, NULL, NULL, NULL, NULL, 0),
(71, '2012-02-29', 13, NULL, NULL, NULL, NULL, NULL, 0),
(72, '2012-02-29', 26, NULL, NULL, NULL, NULL, NULL, 0),
(73, '2012-02-29', 47, NULL, NULL, NULL, NULL, NULL, 0),
(74, '2012-03-07', 66, NULL, NULL, NULL, NULL, NULL, 0),
(75, '2012-03-07', 15, NULL, NULL, NULL, NULL, NULL, 0),
(76, '2012-03-07', 14, NULL, NULL, NULL, NULL, NULL, 0),
(77, '2012-03-07', 2, NULL, NULL, NULL, NULL, NULL, 0),
(78, '2012-03-07', 18, NULL, NULL, NULL, NULL, NULL, 0),
(79, '2012-03-07', 13, NULL, NULL, NULL, NULL, NULL, 0),
(80, '2012-03-07', 26, NULL, NULL, NULL, NULL, NULL, 0),
(81, '2012-03-07', 1, NULL, NULL, NULL, NULL, NULL, 0),
(82, '2012-03-14', 15, NULL, NULL, NULL, NULL, NULL, 0),
(83, '2012-03-14', 1, NULL, NULL, NULL, NULL, NULL, 0),
(84, '2012-03-14', 18, NULL, NULL, NULL, NULL, NULL, 0),
(85, '2012-03-14', 13, NULL, NULL, NULL, NULL, NULL, 0),
(86, '2012-03-14', 66, NULL, NULL, NULL, NULL, NULL, 0),
(87, '2012-03-14', 14, NULL, NULL, NULL, NULL, NULL, 0),
(88, '2012-03-14', 26, NULL, NULL, NULL, NULL, NULL, 0),
(89, '2012-03-14', 75, NULL, NULL, NULL, NULL, NULL, 0),
(90, '2012-03-21', 18, NULL, NULL, NULL, NULL, NULL, 0),
(91, '2012-03-21', 15, NULL, NULL, NULL, NULL, NULL, 0),
(92, '2012-03-21', 16, NULL, NULL, NULL, NULL, NULL, 0),
(93, '2012-03-21', 13, NULL, NULL, NULL, NULL, NULL, 0),
(94, '2012-03-21', 2, NULL, NULL, NULL, NULL, NULL, 0),
(95, '2012-03-21', 14, NULL, NULL, NULL, NULL, NULL, 0),
(96, '2012-03-21', 1, NULL, NULL, NULL, NULL, NULL, 0),
(97, '2012-03-21', 11, NULL, NULL, NULL, NULL, NULL, 0),
(98, '2012-03-21', 76, NULL, NULL, NULL, NULL, NULL, 0),
(99, '2012-03-28', 47, NULL, NULL, NULL, NULL, NULL, 0),
(100, '2012-03-28', 26, NULL, NULL, NULL, NULL, NULL, 0),
(101, '2012-03-28', 1, NULL, NULL, NULL, NULL, NULL, 0),
(102, '2012-03-28', 15, NULL, NULL, NULL, NULL, NULL, 0),
(103, '2012-03-28', 77, NULL, NULL, NULL, NULL, NULL, 0),
(104, '2012-03-28', 76, NULL, NULL, NULL, NULL, NULL, 0),
(105, '2012-04-04', 26, NULL, NULL, NULL, NULL, NULL, 0),
(106, '2012-04-04', 77, NULL, NULL, NULL, NULL, NULL, 0),
(107, '2012-04-04', 16, NULL, NULL, NULL, NULL, NULL, 0),
(108, '2012-04-04', 11, NULL, NULL, NULL, NULL, NULL, 0),
(109, '2012-04-04', 47, NULL, NULL, NULL, NULL, NULL, 0),
(110, '2012-04-04', 1, NULL, NULL, NULL, NULL, NULL, 0),
(111, '2012-04-04', 2, NULL, NULL, NULL, NULL, NULL, 0),
(112, '2012-04-04', 18, NULL, NULL, NULL, NULL, NULL, 0),
(113, '2012-04-04', 76, NULL, NULL, NULL, NULL, NULL, 0),
(114, '2012-04-04', 13, NULL, NULL, NULL, NULL, NULL, 0),
(115, '2012-04-11', 47, NULL, NULL, NULL, NULL, NULL, 0),
(116, '2012-04-11', 66, NULL, NULL, NULL, NULL, NULL, 0),
(117, '2012-04-11', 76, NULL, NULL, NULL, NULL, NULL, 0),
(118, '2012-04-11', 13, NULL, NULL, NULL, NULL, NULL, 0),
(119, '2012-04-11', 14, NULL, NULL, NULL, NULL, NULL, 0),
(120, '2012-04-11', 26, NULL, NULL, NULL, NULL, NULL, 0),
(121, '2012-04-11', 1, NULL, NULL, NULL, NULL, NULL, 0),
(122, '2012-04-11', 18, NULL, NULL, NULL, NULL, NULL, 0),
(123, '2012-04-11', 11, NULL, NULL, NULL, NULL, NULL, 0),
(124, '2012-04-11', 16, NULL, NULL, NULL, NULL, NULL, 0),
(125, '2012-04-18', 13, NULL, NULL, NULL, NULL, NULL, 0),
(126, '2012-04-18', 15, NULL, NULL, NULL, NULL, NULL, 0),
(127, '2012-04-18', 26, NULL, NULL, NULL, NULL, NULL, 0),
(128, '2012-04-18', 1, NULL, NULL, NULL, NULL, NULL, 0),
(129, '2012-04-18', 14, NULL, NULL, NULL, NULL, NULL, 0),
(130, '2012-04-25', 15, NULL, NULL, NULL, NULL, NULL, 0),
(131, '2012-04-25', 13, NULL, NULL, NULL, NULL, NULL, 0),
(132, '2012-04-25', 26, NULL, NULL, NULL, NULL, NULL, 0),
(133, '2012-04-25', 2, NULL, NULL, NULL, NULL, NULL, 0),
(134, '2012-04-25', 14, NULL, NULL, NULL, NULL, NULL, 0),
(135, '2012-04-25', 1, NULL, NULL, NULL, NULL, NULL, 0),
(136, '2012-04-25', 77, NULL, NULL, NULL, NULL, NULL, 0),
(137, '2012-04-25', 47, NULL, NULL, NULL, NULL, NULL, 0),
(138, '2012-04-25', 74, NULL, NULL, NULL, NULL, NULL, 0),
(139, '2012-05-02', 47, NULL, NULL, NULL, NULL, NULL, 0),
(140, '2012-05-02', 1, NULL, NULL, NULL, NULL, NULL, 0),
(141, '2012-05-02', 26, NULL, NULL, NULL, NULL, NULL, 0),
(142, '2012-05-02', 77, NULL, NULL, NULL, NULL, NULL, 0),
(143, '2012-05-02', 16, NULL, NULL, NULL, NULL, NULL, 0),
(144, '2012-05-02', 11, NULL, NULL, NULL, NULL, NULL, 0),
(145, '2012-05-02', 76, NULL, NULL, NULL, NULL, NULL, 0),
(146, '2012-05-02', 15, NULL, NULL, NULL, NULL, NULL, 0),
(147, '2012-05-02', 14, NULL, NULL, NULL, NULL, NULL, 0),
(148, '2012-05-02', 13, NULL, NULL, NULL, NULL, NULL, 0),
(149, '2012-05-09', 13, NULL, NULL, NULL, NULL, NULL, 0),
(150, '2012-05-09', 11, NULL, NULL, NULL, NULL, NULL, 0),
(151, '2012-05-09', 16, NULL, NULL, NULL, NULL, NULL, 0),
(152, '2012-05-09', 66, NULL, NULL, NULL, NULL, NULL, 0),
(153, '2012-05-09', 26, NULL, NULL, NULL, NULL, NULL, 0),
(154, '2012-05-09', 1, NULL, NULL, NULL, NULL, NULL, 0),
(155, '2012-05-09', 14, NULL, NULL, NULL, NULL, NULL, 0),
(156, '2012-05-09', 15, NULL, NULL, NULL, NULL, NULL, 0),
(157, '2012-05-16', 1, NULL, NULL, NULL, NULL, NULL, 0),
(158, '2012-05-16', 77, NULL, NULL, NULL, NULL, NULL, 0),
(159, '2012-05-16', 66, NULL, NULL, NULL, NULL, NULL, 0),
(160, '2012-05-16', 16, NULL, NULL, NULL, NULL, NULL, 0),
(161, '2012-05-16', 2, NULL, NULL, NULL, NULL, NULL, 0),
(162, '2012-05-16', 13, NULL, NULL, NULL, NULL, NULL, 0),
(163, '2012-05-16', 74, NULL, NULL, NULL, NULL, NULL, 0),
(164, '2012-05-16', 15, NULL, NULL, NULL, NULL, NULL, 0),
(165, '2012-05-16', 47, NULL, NULL, NULL, NULL, NULL, 0),
(166, '2012-05-23', 77, NULL, NULL, NULL, NULL, NULL, 0),
(167, '2012-05-23', 1, NULL, NULL, NULL, NULL, NULL, 0),
(168, '2012-05-23', 71, NULL, NULL, NULL, NULL, NULL, 0),
(169, '2012-05-23', 13, NULL, NULL, NULL, NULL, NULL, 0),
(170, '2012-05-23', 15, NULL, NULL, NULL, NULL, NULL, 0),
(171, '2012-05-30', 13, NULL, NULL, NULL, NULL, NULL, 0),
(172, '2012-05-30', 26, NULL, NULL, NULL, NULL, NULL, 0),
(173, '2012-05-30', 14, NULL, NULL, NULL, NULL, NULL, 0),
(174, '2012-05-30', 1, NULL, NULL, NULL, NULL, NULL, 0),
(175, '2012-05-30', 66, NULL, NULL, NULL, NULL, NULL, 0),
(176, '2012-06-06', 26, NULL, NULL, NULL, NULL, NULL, 0),
(177, '2012-06-06', 77, NULL, NULL, NULL, NULL, NULL, 0),
(178, '2012-06-06', 15, NULL, NULL, NULL, NULL, NULL, 0),
(179, '2012-06-06', 1, NULL, NULL, NULL, NULL, NULL, 0),
(180, '2012-06-06', 13, NULL, NULL, NULL, NULL, NULL, 0),
(181, '2012-06-13', 1, NULL, NULL, NULL, NULL, NULL, 0),
(182, '2012-06-13', 26, NULL, NULL, NULL, NULL, NULL, 0),
(183, '2012-06-13', 66, NULL, NULL, NULL, NULL, NULL, 0),
(184, '2012-06-13', 77, NULL, NULL, NULL, NULL, NULL, 0),
(185, '2012-06-13', 14, NULL, NULL, NULL, NULL, NULL, 0),
(186, '2012-06-13', 15, NULL, NULL, NULL, NULL, NULL, 0),
(187, '2012-06-13', 71, NULL, NULL, NULL, NULL, NULL, 0),
(188, '2012-06-20', 26, NULL, NULL, NULL, NULL, NULL, 0),
(189, '2012-06-20', 1, NULL, NULL, NULL, NULL, NULL, 0),
(190, '2012-06-20', 14, NULL, NULL, NULL, NULL, NULL, 0),
(191, '2012-06-20', 74, NULL, NULL, NULL, NULL, NULL, 0),
(192, '2012-06-20', 71, NULL, NULL, NULL, NULL, NULL, 0);

-- --------------------------------------------------------

--
-- Table structure for table `temp_remove`
--

CREATE TABLE IF NOT EXISTS `temp_remove` (
  `ID` int(11) NOT NULL AUTO_INCREMENT,
  `ServiceID` int(11) NOT NULL,
  `AttendeeID` int(11) NOT NULL,
  PRIMARY KEY (`ID`),
  UNIQUE KEY `ServiceID` (`ServiceID`,`AttendeeID`)
) ENGINE=MyISAM  DEFAULT CHARSET=latin1 AUTO_INCREMENT=83 ;

--
-- Dumping data for table `temp_remove`
--

INSERT INTO `temp_remove` (`ID`, `ServiceID`, `AttendeeID`) VALUES
(12, 143, 86),
(8, 135, 1),
(15, 143, 1),
(14, 143, 87);

-- --------------------------------------------------------

--
-- Table structure for table `temp_signin`
--

CREATE TABLE IF NOT EXISTS `temp_signin` (
  `ID` int(11) NOT NULL AUTO_INCREMENT,
  `ServiceID` int(11) NOT NULL COMMENT 'Service''s ID, FK',
  `AttendeeID` int(11) NOT NULL COMMENT 'Attendee''s ID, FK',
  `SunSchAttend` enum('yes','no') DEFAULT NULL COMMENT 'Present previous Sunday School',
  `SunMornAttend` enum('yes','no') DEFAULT NULL COMMENT 'Present Previous Sunday AM',
  `SunEvenAttend` enum('yes','no') DEFAULT NULL COMMENT 'Present previous Sunday PM',
  `Bible` enum('yes','no') DEFAULT NULL COMMENT 'Brought Bible',
  `Visitors` int(11) DEFAULT NULL COMMENT 'Number of visitors with',
  `extrapoints` int(11) NOT NULL DEFAULT '0' COMMENT 'Individual extra points per service.',
  PRIMARY KEY (`ID`),
  UNIQUE KEY `ServiceID` (`ServiceID`,`AttendeeID`)
) ENGINE=MyISAM  DEFAULT CHARSET=latin1 COMMENT='Lists the attendees and their points per service, retains hi' AUTO_INCREMENT=1424 ;

--
-- Dumping data for table `temp_signin`
--

INSERT INTO `temp_signin` (`ID`, `ServiceID`, `AttendeeID`, `SunSchAttend`, `SunMornAttend`, `SunEvenAttend`, `Bible`, `Visitors`, `extrapoints`) VALUES
(3, 133, 30, NULL, NULL, NULL, NULL, NULL, 0),
(4, 133, 26, 'yes', 'yes', 'yes', 'yes', NULL, 0),
(1065, 169, 88, 'yes', NULL, NULL, NULL, NULL, 0),
(118, 2, 17, 'yes', 'yes', 'no', 'no', 0, 0),
(117, 2, 18, 'yes', 'yes', 'no', 'yes', 0, 0),
(120, 2, 11, 'yes', 'yes', 'yes', 'no', 0, 0),
(119, 2, 19, 'no', 'no', 'no', 'no', 0, 0),
(1200, 183, 89, 'yes', 'yes', 'yes', NULL, NULL, 0),
(123, 2, 23, 'no', 'yes', 'no', 'no', 0, 0),
(1251, 190, 14, NULL, NULL, NULL, 'yes', NULL, 0),
(128, 17, 18, 'no', 'yes', 'no', 'no', 0, 0),
(129, 17, 17, 'no', 'yes', 'no', 'no', 0, 0),
(130, 17, 19, 'no', 'no', 'no', 'no', 0, 0),
(1231, 188, 90, NULL, NULL, NULL, NULL, 1, 0),
(135, 17, 23, 'no', 'no', 'no', 'yes', 0, 0),
(140, 18, 18, 'no', 'no', 'no', 'no', 0, 0),
(141, 18, 17, 'no', 'no', 'no', 'no', 0, 0),
(142, 18, 11, 'yes', 'yes', 'yes', 'no', 0, 0),
(1157, 179, 21, NULL, 'yes', NULL, NULL, NULL, 0),
(1210, 185, 13, NULL, NULL, NULL, NULL, NULL, 0),
(1383, 202, 104, NULL, NULL, NULL, NULL, NULL, 0),
(895, 152, 26, 'yes', 'yes', 'yes', 'yes', NULL, 0),
(150, 19, 18, 'no', 'yes', 'yes', 'no', 0, 0),
(151, 19, 17, 'no', 'yes', 'yes', 'no', 0, 0),
(1156, 179, 95, NULL, 'yes', NULL, 'yes', NULL, 0),
(155, 19, 24, 'no', 'yes', 'no', 'no', 0, 0),
(158, 20, 18, 'no', 'yes', 'yes', 'no', 0, 0),
(159, 20, 17, 'no', 'yes', 'yes', 'no', 0, 0),
(160, 20, 11, 'yes', 'yes', 'yes', 'no', 0, 0),
(1155, 179, 89, 'yes', 'yes', 'yes', NULL, NULL, 0),
(1246, 190, 47, 'no', 'yes', NULL, NULL, NULL, 0),
(1382, 202, 103, NULL, 'yes', NULL, NULL, 1, 0),
(165, 21, 20, 'no', 'yes', 'no', 'no', 0, 0),
(169, 21, 18, 'no', 'yes', 'yes', 'no', 0, 0),
(170, 21, 19, 'no', 'yes', 'yes', 'yes', 0, 0),
(171, 21, 11, 'yes', 'yes', 'no', 'no', 0, 0),
(172, 21, 25, 'no', 'yes', 'no', 'no', 0, 0),
(173, 21, 30, 'no', 'no', 'no', 'no', 0, 0),
(174, 21, 31, 'no', 'no', 'no', 'no', 0, 0),
(943, 156, 26, 'yes', 'yes', 'yes', 'yes', NULL, 0),
(176, 21, 22, 'no', 'no', 'no', 'no', 2, 0),
(177, 21, 23, 'no', 'yes', 'yes', 'yes', 0, 0),
(1209, 185, 47, NULL, NULL, NULL, NULL, NULL, 0),
(181, 21, 44, 'no', 'no', 'no', 'no', 0, 0),
(182, 21, 45, 'no', 'no', 'no', 'no', 0, 0),
(183, 22, 20, 'no', 'yes', 'no', 'no', 0, 0),
(1154, 179, 14, 'yes', 'yes', NULL, NULL, NULL, 0),
(187, 22, 18, 'no', 'yes', 'no', 'yes', 0, 0),
(188, 22, 17, 'no', 'yes', 'no', 'no', 0, 0),
(189, 22, 19, 'no', 'no', 'no', 'yes', 0, 0),
(190, 22, 11, 'yes', 'no', 'no', 'yes', 0, 0),
(193, 22, 23, 'no', 'yes', 'no', 'yes', 0, 0),
(969, 159, 91, 'no', 'yes', NULL, NULL, NULL, 0),
(1381, 202, 21, NULL, NULL, NULL, NULL, NULL, 0),
(196, 22, 46, 'no', 'no', 'no', 'no', 0, 0),
(891, 151, 26, 'yes', 'yes', 'yes', 'yes', NULL, 0),
(199, 23, 18, 'no', 'yes', 'no', 'no', 0, 0),
(1245, 189, 13, NULL, NULL, NULL, 'yes', NULL, 0),
(1219, 187, 13, NULL, NULL, NULL, NULL, NULL, 0),
(1250, 190, 97, NULL, NULL, NULL, NULL, NULL, 0),
(208, 24, 18, 'no', 'yes', 'yes', 'no', 0, 0),
(209, 24, 17, 'no', 'yes', 'yes', 'no', 0, 0),
(210, 24, 11, 'yes', 'yes', 'yes', 'yes', 0, 0),
(211, 24, 25, 'no', 'no', 'no', 'no', 0, 0),
(1326, 196, 21, NULL, NULL, NULL, NULL, NULL, 0),
(1199, 183, 88, NULL, NULL, NULL, 'yes', NULL, 0),
(889, 151, 66, 'yes', 'yes', 'yes', NULL, NULL, 0),
(218, 25, 18, 'no', 'no', 'yes', 'no', 0, 0),
(219, 25, 17, 'no', 'no', 'yes', 'no', 0, 0),
(220, 25, 19, 'no', 'yes', 'no', 'yes', 0, 0),
(221, 25, 11, 'no', 'yes', 'yes', 'no', 0, 0),
(222, 25, 42, 'no', 'no', 'no', 'no', 0, 0),
(1151, 179, 77, NULL, NULL, NULL, NULL, NULL, 0),
(226, 25, 23, 'no', 'yes', 'yes', 'yes', 0, 0),
(966, 159, 69, 'yes', NULL, NULL, NULL, NULL, 0),
(1380, 202, 26, NULL, 'yes', NULL, NULL, NULL, 0),
(232, 26, 18, 'no', 'yes', 'no', 'yes', 0, 0),
(233, 26, 17, 'no', 'yes', 'no', 'no', 0, 0),
(234, 26, 11, 'no', 'yes', 'yes', 'yes', 0, 0),
(1325, 196, 1, 'yes', 'yes', NULL, 'yes', NULL, 0),
(238, 26, 23, 'no', 'yes', 'yes', 'yes', 0, 0),
(239, 26, 24, 'no', 'no', 'no', 'no', 0, 0),
(965, 159, 21, 'no', NULL, NULL, NULL, NULL, 0),
(241, 26, 33, 'no', 'no', 'no', 'no', 0, 0),
(245, 27, 18, 'no', 'yes', 'no', 'yes', 0, 0),
(246, 27, 17, 'no', 'yes', 'no', 'no', 0, 0),
(247, 27, 19, 'no', 'yes', 'yes', 'yes', 0, 0),
(248, 27, 11, 'yes', 'yes', 'yes', 'no', 0, 0),
(249, 27, 26, 'no', 'yes', 'no', 'yes', 0, 0),
(1149, 178, 26, 'yes', NULL, 'yes', 'yes', NULL, 0),
(253, 27, 23, 'no', 'yes', 'yes', 'yes', 0, 0),
(964, 159, 66, 'yes', NULL, NULL, NULL, 1, 0),
(256, 28, 18, 'no', 'yes', 'no', 'yes', 0, 0),
(257, 28, 25, 'no', 'no', 'no', 'no', 0, 0),
(258, 28, 26, 'no', 'yes', 'no', 'yes', 0, 0),
(1148, 178, 95, NULL, 'yes', NULL, NULL, NULL, 0),
(925, 154, 26, 'yes', 'yes', 'yes', 'yes', NULL, 0),
(265, 29, 11, 'yes', 'yes', 'no', 'no', 0, 0),
(266, 29, 25, 'no', 'no', 'no', 'no', 0, 0),
(270, 30, 19, 'no', 'no', 'no', 'no', 0, 0),
(271, 30, 11, 'no', 'no', 'no', 'yes', 0, 0),
(272, 30, 26, 'no', 'no', 'no', 'no', 0, 0),
(1147, 178, 21, NULL, 'yes', NULL, NULL, NULL, 0),
(1207, 184, 21, NULL, 'yes', NULL, NULL, NULL, 0),
(276, 30, 23, 'no', 'no', 'no', 'no', 0, 0),
(1218, 187, 90, NULL, NULL, NULL, NULL, NULL, 0),
(280, 31, 17, 'yes', 'no', 'yes', 'no', 0, 0),
(281, 31, 11, 'yes', 'yes', 'yes', 'yes', 0, 0),
(283, 31, 26, 'yes', 'yes', 'yes', 'yes', 0, 0),
(1197, 183, 57, NULL, NULL, NULL, NULL, NULL, 0),
(1379, 202, 99, NULL, NULL, NULL, NULL, NULL, 0),
(961, 159, 26, 'yes', 'yes', 'yes', 'yes', NULL, 0),
(1217, 187, 57, NULL, 'yes', NULL, NULL, NULL, 0),
(290, 32, 18, 'no', 'yes', 'yes', 'no', 0, 0),
(291, 32, 17, 'no', 'yes', 'yes', 'no', 0, 0),
(292, 32, 19, 'no', 'no', 'no', 'yes', 0, 0),
(293, 32, 26, 'yes', 'yes', 'yes', 'yes', 0, 0),
(1143, 178, 13, NULL, NULL, NULL, 'yes', NULL, 0),
(296, 32, 48, 'no', 'yes', 'yes', 'no', 0, 0),
(297, 32, 23, 'yes', 'yes', 'yes', 'yes', 0, 0),
(1378, 202, 89, 'yes', 'yes', 'yes', 'yes', NULL, 0),
(303, 37, 27, 'no', 'no', 'no', 'yes', 0, 0),
(304, 37, 19, 'no', 'yes', 'yes', 'yes', 0, 0),
(307, 37, 26, 'no', 'no', 'no', 'yes', 0, 0),
(308, 37, 22, 'no', 'no', 'no', 'no', 0, 0),
(310, 37, 23, 'no', 'yes', 'yes', 'yes', 0, 0),
(311, 37, 45, 'no', 'no', 'no', 'no', 0, 0),
(315, 38, 27, 'no', 'no', 'no', 'yes', 0, 0),
(316, 38, 18, 'yes', 'no', 'no', 'no', 0, 0),
(317, 38, 17, 'yes', 'no', 'no', 'no', 0, 0),
(318, 38, 11, 'yes', 'yes', 'no', 'yes', 0, 0),
(321, 38, 26, 'no', 'no', 'no', 'yes', 0, 0),
(323, 38, 22, 'no', 'no', 'no', 'yes', 0, 0),
(325, 38, 23, 'no', 'yes', 'yes', 'yes', 0, 0),
(329, 39, 18, 'no', 'yes', 'no', 'no', 0, 0),
(330, 39, 19, 'no', 'no', 'no', 'yes', 0, 0),
(333, 39, 26, 'no', 'yes', 'yes', 'yes', 0, 0),
(334, 39, 51, 'no', 'no', 'no', 'yes', 0, 0),
(335, 39, 52, 'no', 'no', 'no', 'no', 0, 0),
(337, 39, 22, 'no', 'no', 'no', 'no', 0, 0),
(339, 39, 48, 'no', 'yes', 'no', 'no', 0, 0),
(340, 39, 23, 'no', 'no', 'no', 'yes', 0, 0),
(1377, 202, 1, 'yes', 'yes', 'yes', 'yes', NULL, 0),
(346, 40, 18, 'no', 'yes', 'no', 'yes', 0, 0),
(347, 40, 11, 'no', 'no', 'no', 'no', 0, 0),
(350, 40, 26, 'no', 'no', 'no', 'yes', 0, 0),
(351, 40, 51, 'no', 'no', 'no', 'yes', 0, 0),
(352, 40, 53, 'no', 'no', 'no', 'no', 0, 0),
(353, 40, 52, 'no', 'no', 'no', 'no', 0, 0),
(1230, 188, 14, NULL, NULL, NULL, 'yes', NULL, 0),
(356, 40, 48, 'no', 'no', 'no', 'yes', 0, 0),
(359, 41, 18, 'no', 'yes', 'no', 'yes', 0, 0),
(361, 41, 51, 'no', 'no', 'no', 'yes', 0, 0),
(362, 41, 52, 'no', 'no', 'no', 'yes', 0, 0),
(1244, 189, 26, NULL, NULL, NULL, 'yes', NULL, 0),
(823, 144, 26, 'yes', 'yes', 'yes', 'yes', NULL, 50000),
(365, 41, 22, 'no', 'no', 'no', 'no', 0, 0),
(367, 41, 48, 'no', 'yes', 'no', 'no', 0, 0),
(1196, 182, 47, NULL, NULL, NULL, NULL, NULL, 0),
(371, 42, 56, 'no', 'no', 'no', 'no', 0, 0),
(372, 42, 55, 'no', 'no', 'no', 'no', 0, 0),
(373, 42, 27, 'no', 'no', 'no', 'no', 0, 0),
(374, 42, 11, 'yes', 'no', 'no', 'no', 0, 0),
(376, 42, 51, 'no', 'no', 'no', 'no', 0, 0),
(377, 42, 52, 'no', 'no', 'no', 'no', 0, 0),
(378, 42, 54, 'no', 'no', 'no', 'no', 0, 0),
(379, 42, 58, 'no', 'no', 'no', 'no', 0, 0),
(1249, 190, 26, 'no', 'yes', NULL, 'yes', NULL, 0),
(381, 42, 22, 'no', 'no', 'no', 'no', 0, 0),
(1066, 169, 14, 'yes', 'yes', 'yes', NULL, NULL, 0),
(388, 43, 18, 'no', 'yes', 'yes', 'no', 0, 0),
(390, 43, 26, 'no', 'yes', 'no', 'yes', 0, 0),
(391, 43, 51, 'no', 'no', 'no', 'yes', 0, 0),
(392, 43, 52, 'no', 'no', 'no', 'yes', 0, 0),
(393, 43, 58, 'no', 'no', 'no', 'no', 0, 0),
(1139, 177, 26, 'yes', 'yes', 'yes', 'yes', NULL, 0),
(395, 43, 22, 'no', 'no', 'no', 'yes', 0, 0),
(397, 43, 45, 'no', 'no', 'no', 'no', 0, 0),
(400, 44, 18, 'no', 'no', 'no', 'yes', 0, 0),
(1248, 190, 90, NULL, NULL, NULL, 'yes', NULL, 0),
(403, 44, 48, 'no', 'no', 'no', 'yes', 0, 0),
(404, 44, 23, 'no', 'no', 'no', 'yes', 0, 0),
(1064, 169, 77, 'yes', NULL, NULL, NULL, NULL, 0),
(877, 150, 66, 'no', 'yes', NULL, NULL, NULL, 0),
(409, 45, 18, 'no', 'yes', 'no', 'yes', 0, 0),
(410, 45, 19, 'no', 'no', 'no', 'yes', 0, 0),
(411, 45, 11, 'yes', 'yes', 'yes', 'no', 0, 0),
(412, 45, 26, 'no', 'yes', 'no', 'yes', 0, 0),
(1138, 177, 89, 'yes', 'yes', 'yes', 'yes', NULL, 0),
(414, 45, 23, 'no', 'yes', 'no', 'yes', 0, 0),
(1324, 196, 26, NULL, NULL, NULL, 'yes', NULL, 0),
(1051, 167, 69, NULL, NULL, NULL, NULL, NULL, 0),
(876, 150, 26, 'yes', 'yes', 'yes', 'yes', NULL, 0),
(420, 46, 18, 'no', 'yes', 'yes', 'no', 0, 0),
(421, 46, 11, 'yes', 'yes', 'no', 'no', 0, 0),
(423, 46, 48, 'no', 'no', 'no', 'yes', 0, 0),
(424, 46, 23, 'no', 'yes', 'no', 'yes', 0, 0),
(426, 47, 62, 'no', 'no', 'no', 'yes', 0, 0),
(820, 142, 26, 'yes', 'yes', 'yes', 'yes', NULL, 0),
(431, 47, 18, 'no', 'yes', 'no', 'yes', 0, 0),
(433, 47, 61, 'no', 'no', 'no', 'yes', 0, 0),
(434, 48, 26, 'yes', 'yes', 'yes', 'yes', 0, 0),
(435, 48, 63, 'no', 'no', 'no', 'no', 0, 0),
(1229, 188, 89, 'no', NULL, NULL, NULL, NULL, 0),
(819, 142, 66, 'no', 'yes', NULL, NULL, NULL, 0),
(440, 48, 18, 'no', 'yes', 'no', 'yes', 0, 0),
(1135, 177, 13, NULL, NULL, 'yes', 'yes', NULL, 0),
(874, 149, 26, NULL, NULL, NULL, 'yes', NULL, 0),
(444, 49, 26, 'yes', 'yes', 'yes', 'yes', 0, 0),
(445, 49, 64, 'no', 'no', 'no', 'no', 0, 0),
(446, 49, 63, 'no', 'no', 'no', 'yes', 0, 0),
(1134, 176, 95, NULL, NULL, NULL, NULL, NULL, 0),
(1133, 176, 96, NULL, NULL, NULL, NULL, NULL, 0),
(450, 49, 48, 'yes', 'yes', 'yes', 'yes', 0, 0),
(451, 49, 18, 'no', 'yes', 'yes', 'no', 0, 0),
(454, 50, 26, 'yes', 'yes', 'yes', 'yes', 0, 0),
(455, 50, 66, 'no', 'no', 'no', 'yes', 0, 0),
(456, 50, 67, 'no', 'no', 'no', 'no', 0, 0),
(1132, 176, 13, NULL, NULL, NULL, NULL, NULL, 0),
(460, 50, 48, 'no', 'no', 'no', 'yes', 0, 0),
(461, 50, 18, 'no', 'yes', 'no', 'no', 0, 0),
(1321, 196, 90, NULL, 'yes', NULL, 'yes', NULL, 0),
(463, 50, 11, 'yes', 'yes', 'no', 'yes', 0, 0),
(465, 50, 65, 'no', 'no', 'no', 'no', 0, 0),
(1212, 186, 89, 'yes', 'yes', 'yes', 'yes', NULL, 0),
(467, 51, 66, 'yes', 'yes', 'yes', 'yes', 0, 0),
(1131, 176, 21, 'no', 'yes', NULL, NULL, 1, 0),
(1228, 188, 13, NULL, NULL, NULL, 'yes', NULL, 0),
(471, 51, 48, 'no', 'no', 'no', 'no', 0, 0),
(472, 51, 18, 'no', 'yes', 'no', 'no', 0, 0),
(473, 51, 68, 'no', 'yes', 'no', 'no', 0, 0),
(953, 158, 26, 'yes', 'yes', 'yes', 'yes', NULL, 0),
(475, 51, 11, 'yes', 'no', 'no', 'no', 0, 0),
(1227, 188, 57, NULL, NULL, NULL, 'yes', NULL, 0),
(479, 52, 18, 'no', 'yes', 'no', 'no', 0, 0),
(1050, 167, 66, NULL, 'yes', NULL, NULL, NULL, 0),
(871, 149, 66, NULL, NULL, NULL, NULL, NULL, 0),
(483, 53, 66, 'yes', 'yes', 'no', 'yes', 0, 0),
(989, 161, 26, 'yes', 'yes', 'yes', 'yes', NULL, 0),
(1206, 184, 95, NULL, 'yes', NULL, 'yes', 1, 0),
(487, 53, 18, 'no', 'yes', 'no', 'no', 0, 0),
(489, 53, 11, 'yes', 'yes', 'no', 'no', 0, 0),
(490, 54, 66, 'yes', 'yes', 'yes', 'yes', 0, 0),
(1320, 196, 93, NULL, 'yes', NULL, 'yes', NULL, 0),
(493, 54, 11, 'no', 'no', 'yes', 'no', 0, 0),
(1332, 197, 88, NULL, 'yes', NULL, NULL, NULL, 0),
(497, 55, 26, 'yes', 'yes', 'yes', 'yes', 0, 0),
(498, 55, 66, 'yes', 'yes', 'no', 'yes', 0, 0),
(1126, 176, 89, 'yes', 'yes', 'yes', NULL, NULL, 0),
(502, 55, 18, 'no', 'no', 'no', 'no', 0, 0),
(505, 56, 26, 'yes', 'yes', 'yes', 'yes', 0, 0),
(506, 56, 66, 'no', 'no', 'no', 'yes', 0, 0),
(1195, 182, 77, NULL, NULL, NULL, NULL, NULL, 0),
(509, 56, 48, 'yes', 'yes', 'yes', 'no', 0, 0),
(510, 56, 18, 'no', 'no', 'no', 'no', 0, 0),
(1376, 202, 98, NULL, NULL, NULL, NULL, NULL, 0),
(512, 56, 11, 'yes', 'yes', 'yes', 'no', 0, 0),
(1205, 184, 13, NULL, NULL, NULL, 'yes', NULL, 0),
(515, 57, 26, 'yes', 'yes', 'no', 'yes', 0, 0),
(1194, 182, 13, NULL, NULL, NULL, 'yes', NULL, 0),
(1124, 176, 77, NULL, NULL, NULL, NULL, NULL, 0),
(519, 57, 48, 'no', 'yes', 'yes', 'yes', 0, 0),
(520, 57, 18, 'no', 'yes', 'yes', 'no', 0, 0),
(521, 57, 11, 'yes', 'yes', 'no', 'no', 0, 0),
(523, 58, 26, 'yes', 'yes', 'yes', 'no', 0, 0),
(524, 58, 66, 'no', 'yes', 'no', 'yes', 0, 0),
(1242, 189, 47, NULL, 'yes', 'yes', NULL, NULL, 0),
(527, 58, 48, 'no', 'yes', 'no', 'no', 0, 0),
(528, 58, 18, 'yes', 'no', 'no', 'no', 0, 0),
(531, 59, 26, 'yes', 'yes', 'yes', 'yes', 0, 0),
(1211, 186, 14, 'yes', 'yes', 'yes', 'yes', NULL, 0),
(1122, 175, 26, 'yes', 'yes', 'yes', 'yes', NULL, 0),
(535, 59, 18, 'no', 'yes', 'no', 'no', 0, 0),
(1121, 175, 88, NULL, NULL, NULL, NULL, NULL, 0),
(538, 60, 26, 'yes', 'yes', 'no', 'yes', 0, 0),
(539, 60, 66, 'no', 'yes', 'no', 'yes', 0, 0),
(1241, 189, 97, NULL, NULL, NULL, NULL, NULL, 0),
(1319, 196, 92, NULL, 'yes', NULL, 'yes', NULL, 0),
(543, 60, 18, 'no', 'no', 'no', 'no', 0, 0),
(544, 60, 48, 'no', 'no', 'no', 'no', 0, 0),
(546, 60, 11, 'no', 'no', 'no', 'no', 0, 0),
(1215, 186, 47, NULL, NULL, NULL, NULL, NULL, 0),
(549, 61, 66, 'no', 'yes', 'no', 'yes', 0, 0),
(1118, 175, 13, NULL, NULL, NULL, 'yes', NULL, 0),
(552, 61, 48, 'no', 'yes', 'no', 'no', 0, 0),
(553, 61, 18, 'no', 'yes', 'no', 'no', 0, 0),
(556, 61, 26, 'yes', 'yes', 'yes', 'yes', NULL, 0),
(1117, 175, 89, 'yes', 'yes', 'yes', NULL, NULL, 0),
(560, 62, 18, 'no', 'yes', 'yes', 'no', 0, 0),
(863, 148, 66, 'no', 'yes', 'yes', NULL, NULL, 0),
(563, 63, 66, 'no', 'yes', 'no', 'yes', 0, 0),
(1116, 175, 14, 'yes', 'yes', 'yes', NULL, NULL, 0),
(567, 63, 18, 'no', 'no', 'no', 'no', 0, 0),
(1375, 202, 14, 'yes', 'yes', 'yes', 'yes', NULL, 0),
(571, 64, 26, 'yes', 'yes', 'no', 'yes', 0, 0),
(572, 64, 66, 'no', 'yes', 'no', 'yes', 0, 0),
(1115, 174, 26, 'yes', 'yes', 'yes', 'yes', NULL, 0),
(899, 152, 66, 'no', 'yes', NULL, NULL, NULL, 0),
(575, 64, 18, 'no', 'no', 'no', 'no', 0, 0),
(1225, 187, 93, NULL, 'yes', NULL, NULL, NULL, 0),
(578, 65, 26, 'no', 'no', 'no', 'yes', 0, 0),
(579, 65, 66, 'yes', 'yes', 'no', 'yes', 0, 0),
(1113, 174, 14, NULL, 'no', NULL, 'yes', NULL, 0),
(582, 65, 18, 'yes', 'no', 'no', 'no', 0, 0),
(1063, 169, 89, 'yes', 'yes', 'yes', NULL, NULL, 0),
(1112, 174, 89, NULL, 'yes', NULL, 'yes', NULL, 0),
(590, 69, 18, 'no', 'no', 'no', 'no', 0, 0),
(1062, 169, 13, 'yes', NULL, NULL, 'yes', NULL, 0),
(594, 70, 26, 'yes', 'yes', 'yes', 'yes', 0, 0),
(595, 70, 66, 'no', 'yes', 'yes', 'yes', 0, 0),
(982, 160, 69, NULL, NULL, NULL, NULL, NULL, 0),
(1111, 174, 13, NULL, NULL, NULL, 'yes', NULL, 0),
(829, 144, 66, 'yes', NULL, NULL, NULL, 1, 0),
(604, 71, 26, 'yes', 'yes', 'no', 'yes', 0, 0),
(605, 71, 66, 'no', 'yes', 'no', 'yes', 0, 0),
(1192, 182, 89, 'yes', 'yes', 'yes', NULL, NULL, 0),
(1109, 174, 77, NULL, NULL, NULL, NULL, NULL, 0),
(608, 71, 11, 'yes', 'yes', 'yes', 'yes', 0, 0),
(612, 72, 66, 'yes', 'yes', 'no', 'yes', 0, 0),
(1331, 197, 26, 'yes', 'yes', NULL, 'yes', NULL, 0),
(1107, 173, 66, 'yes', 'yes', NULL, NULL, NULL, 0),
(617, 73, 66, 'no', 'yes', 'no', 'yes', 0, 0),
(981, 160, 66, NULL, 'yes', NULL, NULL, NULL, 0),
(1106, 173, 30, 'yes', NULL, NULL, NULL, NULL, 0),
(1168, 180, 14, 'yes', 'yes', 'yes', NULL, NULL, 0),
(625, 74, 26, 'yes', 'yes', 'no', 'yes', 0, 0),
(1105, 173, 77, 'yes', NULL, NULL, NULL, NULL, 0),
(1191, 182, 14, 'yes', 'yes', 'yes', NULL, NULL, 0),
(631, 74, 11, 'yes', 'yes', 'yes', 'no', 0, 0),
(1239, 189, 93, NULL, NULL, NULL, NULL, NULL, 0),
(635, 75, 26, 'no', 'no', 'no', 'no', 0, 0),
(636, 75, 66, 'no', 'no', 'no', 'no', 0, 0),
(1049, 167, 88, NULL, NULL, NULL, NULL, NULL, 0),
(798, 141, 11, NULL, NULL, NULL, 'yes', NULL, 0),
(642, 76, 26, 'yes', 'yes', 'no', 'yes', 0, 0),
(643, 76, 66, 'no', 'no', 'no', 'yes', 0, 0),
(1103, 173, 89, 'yes', 'yes', 'yes', 'yes', NULL, 0),
(1238, 189, 92, 'yes', NULL, NULL, NULL, NULL, 0),
(649, 77, 26, 'no', 'no', 'no', 'no', 0, 0),
(650, 77, 66, 'no', 'yes', 'no', 'no', 0, 0),
(1102, 173, 13, 'yes', NULL, NULL, NULL, NULL, 0),
(796, 141, 66, NULL, NULL, NULL, NULL, 1, 0),
(850, 146, 66, 'no', NULL, NULL, NULL, NULL, 0),
(657, 78, 26, 'no', 'no', 'no', 'no', 0, 0),
(658, 78, 66, 'no', 'no', 'no', 'no', 0, 0),
(1166, 180, 13, NULL, NULL, NULL, NULL, NULL, 0),
(1101, 173, 26, 'yes', 'yes', 'yes', 'yes', NULL, 0),
(662, 78, 18, 'no', 'no', 'no', 'no', 0, 0),
(1190, 182, 95, NULL, NULL, NULL, 'yes', NULL, 0),
(665, 79, 26, 'yes', 'yes', 'no', 'yes', 0, 25000),
(666, 79, 66, 'no', 'no', 'no', 'yes', 0, 0),
(1237, 189, 90, 'yes', NULL, NULL, NULL, NULL, 0),
(794, 140, 26, 'yes', 'yes', 'yes', 'yes', NULL, 0),
(669, 79, 76, 'no', 'no', 'no', 'no', 0, 0),
(670, 79, 18, 'no', 'no', 'no', 'no', 0, 0),
(671, 79, 75, 'no', 'no', 'no', 'no', 0, 0),
(1224, 187, 92, NULL, 'yes', NULL, 'yes', NULL, 0),
(793, 0, 26, 'yes', 'yes', 'yes', 'yes', NULL, 0),
(677, 80, 18, 'no', 'no', 'no', 'no', 0, 0),
(678, 80, 76, 'no', 'no', 'no', 'no', 0, 0),
(681, 80, 11, 'yes', 'yes', 'no', 'no', 0, 0),
(683, 81, 26, 'no', 'no', 'yes', 'yes', 0, 0),
(685, 81, 76, 'no', 'no', 'no', 'no', 0, 0),
(1236, 188, 97, NULL, NULL, NULL, NULL, NULL, 0),
(689, 82, 26, 'yes', 'yes', 'yes', 'yes', 0, 0),
(692, 82, 18, 'no', 'no', 'no', 'no', 0, 0),
(693, 82, 76, 'no', 'no', 'no', 'no', 0, 0),
(945, 156, 21, 'yes', NULL, NULL, NULL, NULL, 0),
(697, 82, 11, 'no', 'no', 'no', 'no', 0, 0),
(839, 145, 11, NULL, NULL, NULL, 'yes', NULL, 0),
(699, 83, 26, 'no', 'yes', 'no', 'yes', 0, 0),
(700, 83, 66, 'yes', 'no', 'no', 'no', 0, 0),
(1098, 173, 14, 'yes', 'yes', 'yes', 'yes', NULL, 0),
(703, 83, 18, 'no', 'no', 'no', 'no', 0, 0),
(704, 83, 76, 'no', 'no', 'no', 'no', 0, 0),
(1165, 180, 77, NULL, NULL, NULL, NULL, NULL, 0),
(707, 83, 11, 'no', 'yes', 'no', 'no', 0, 0),
(710, 84, 26, 'yes', 'yes', 'no', 'yes', 0, 0),
(1189, 182, 21, NULL, NULL, NULL, NULL, NULL, 0),
(1096, 172, 26, NULL, NULL, NULL, 'yes', NULL, 0),
(837, 145, 26, 'yes', 'yes', 'yes', 'yes', NULL, 0),
(715, 85, 26, 'yes', 'yes', 'yes', 'yes', 0, 50000),
(1095, 172, 89, NULL, NULL, NULL, 'yes', NULL, 0),
(1223, 187, 26, NULL, NULL, NULL, 'yes', NULL, 0),
(724, 86, 26, 'yes', 'yes', 'yes', 'yes', 0, 0),
(1094, 172, 14, NULL, NULL, NULL, 'yes', NULL, 0),
(727, 86, 76, 'no', 'no', 'no', 'no', 0, 0),
(1093, 172, 77, NULL, NULL, NULL, NULL, NULL, 0),
(731, 86, 11, 'no', 'no', 'no', 'no', 0, 0),
(835, 145, 66, NULL, 'yes', NULL, 'yes', 1, 0),
(734, 87, 26, 'no', 'no', 'no', 'yes', 0, 65000),
(735, 87, 66, 'no', 'no', 'no', 'no', 0, 0),
(1318, 196, 94, NULL, 'yes', NULL, NULL, NULL, 0),
(845, 146, 26, 'yes', 'yes', 'yes', 'yes', NULL, 0),
(739, 87, 11, 'no', 'no', 'no', 'no', 0, 0),
(1204, 184, 88, NULL, NULL, NULL, NULL, NULL, 0),
(743, 88, 66, 'no', 'yes', 'no', 'no', 0, 0),
(1171, 180, 89, 'yes', 'yes', 'yes', NULL, NULL, 0),
(1322, 196, 88, NULL, 'yes', NULL, NULL, NULL, 0),
(1058, 168, 13, NULL, 'yes', NULL, 'yes', NULL, 0),
(756, 90, 26, 'yes', 'yes', 'no', 'yes', 0, 50000),
(757, 90, 66, 'no', 'yes', 'no', 'no', 0, 0),
(1188, 182, 57, NULL, NULL, NULL, 'yes', NULL, 0),
(934, 155, 26, 'yes', 'yes', 'yes', 'yes', NULL, 0),
(921, 153, 26, 'yes', 'yes', 'yes', 'yes', NULL, 0),
(762, 91, 26, 'no', 'yes', 'no', 'yes', 0, 0),
(766, 92, 26, 'yes', 'yes', 'yes', 'yes', 0, 0),
(767, 92, 66, 'no', 'yes', 'no', 'no', 0, 0),
(1087, 171, 26, 'yes', 'yes', NULL, 'yes', NULL, 0),
(1057, 168, 26, 'yes', 'yes', 'yes', 'yes', NULL, 0),
(772, 93, 26, 'yes', 'no', 'yes', 'yes', 0, 0),
(1222, 187, 77, NULL, NULL, NULL, NULL, NULL, 0),
(780, 139, 11, 'yes', 'yes', NULL, 'yes', NULL, 0),
(1056, 168, 89, 'yes', 'yes', 'yes', NULL, NULL, 0),
(777, 26, 19, 'no', 'no', 'no', 'no', NULL, 0),
(1, 2, 12, 'no', 'no', 'no', 'yes', 0, 0),
(1203, 184, 57, NULL, NULL, NULL, 'yes', NULL, 0),
(1048, 167, 77, NULL, NULL, NULL, 'yes', NULL, 0),
(1234, 188, 93, NULL, NULL, NULL, NULL, NULL, 0),
(1007, 164, 26, 'yes', 'yes', 'yes', 'yes', NULL, 0),
(1055, 168, 14, 'yes', 'yes', 'yes', NULL, NULL, 0),
(1187, 182, 90, NULL, NULL, 'yes', 'yes', NULL, 0),
(1186, 182, 26, NULL, NULL, NULL, 'yes', NULL, 0),
(1316, 196, 99, 'yes', 'yes', 'yes', 'yes', NULL, 0),
(1074, 170, 26, NULL, NULL, NULL, NULL, NULL, 0),
(1069, 169, 71, 'yes', NULL, NULL, NULL, NULL, 0),
(1085, 171, 14, 'yes', 'yes', 'yes', 'yes', NULL, 0),
(1221, 187, 14, NULL, NULL, NULL, NULL, NULL, 0),
(1016, 164, 88, NULL, NULL, NULL, 'yes', NULL, 0),
(1017, 164, 77, NULL, NULL, NULL, 'yes', NULL, 0),
(1018, 165, 88, NULL, NULL, NULL, NULL, NULL, 0),
(1233, 188, 92, NULL, NULL, NULL, 'yes', NULL, 0),
(1047, 167, 13, NULL, NULL, NULL, 'yes', NULL, 0),
(1073, 170, 14, NULL, NULL, NULL, NULL, NULL, 0),
(1072, 170, 89, NULL, NULL, NULL, NULL, NULL, 0),
(1023, 165, 26, 'yes', 'yes', 'yes', 'yes', NULL, 50000),
(1084, 171, 89, 'yes', 'yes', 'yes', 'yes', NULL, 0),
(1213, 186, 43, NULL, NULL, NULL, NULL, NULL, 0),
(1068, 169, 26, 'yes', 'yes', 'yes', 'yes', NULL, 0),
(1027, 165, 15, 'no', NULL, NULL, NULL, NULL, 0),
(1220, 187, 89, 'yes', 'yes', 'yes', 'yes', NULL, 0),
(1071, 170, 0, NULL, NULL, NULL, NULL, NULL, 0),
(1046, 167, 89, 'yes', 'yes', 'yes', NULL, NULL, 0),
(1045, 167, 14, 'yes', 'yes', 'yes', NULL, NULL, 0),
(1053, 167, 26, NULL, NULL, NULL, 'yes', NULL, 50000),
(1083, 171, 13, NULL, 'yes', NULL, 'yes', NULL, 0),
(1034, 166, 26, 'yes', 'yes', 'yes', 'yes', NULL, 0),
(1161, 179, 13, NULL, NULL, NULL, 'yes', NULL, 0),
(1201, 183, 14, 'yes', 'yes', 'yes', NULL, NULL, 0),
(1330, 197, 99, 'yes', NULL, NULL, 'yes', NULL, 0),
(1078, 170, 13, NULL, NULL, NULL, NULL, NULL, 0),
(1252, 190, 89, 'yes', 'yes', 'yes', 'yes', NULL, 0),
(1253, 191, 93, NULL, 'yes', NULL, NULL, NULL, 0),
(1254, 191, 13, NULL, NULL, NULL, 'yes', NULL, 0),
(1255, 191, 92, NULL, 'yes', NULL, 'yes', NULL, 0),
(1329, 197, 14, NULL, NULL, NULL, 'yes', NULL, 0),
(1257, 191, 89, NULL, NULL, NULL, 'yes', NULL, 0),
(1258, 191, 14, NULL, NULL, NULL, NULL, NULL, 0),
(1259, 191, 90, NULL, 'yes', NULL, 'yes', NULL, 0),
(1315, 195, 99, NULL, 'yes', 'yes', NULL, NULL, 0),
(1261, 191, 47, NULL, 'yes', 'no', NULL, NULL, 0),
(1262, 191, 57, NULL, NULL, NULL, NULL, NULL, 0),
(1263, 191, 97, NULL, 'yes', NULL, NULL, NULL, 0),
(1264, 191, 88, NULL, NULL, NULL, NULL, NULL, 0),
(1374, 201, 103, NULL, 'yes', NULL, NULL, NULL, 0),
(1266, 192, 57, NULL, NULL, NULL, 'yes', NULL, 0),
(1267, 192, 47, 'yes', 'yes', NULL, NULL, NULL, 0),
(1268, 192, 13, NULL, NULL, NULL, 'yes', NULL, 0),
(1314, 196, 47, NULL, NULL, 'yes', NULL, NULL, 0),
(1270, 192, 21, NULL, 'yes', NULL, 'yes', NULL, 0),
(1271, 193, 92, NULL, 'yes', NULL, 'yes', NULL, 0),
(1272, 193, 93, NULL, 'yes', NULL, NULL, NULL, 0),
(1328, 197, 13, NULL, NULL, NULL, 'yes', NULL, 0),
(1274, 193, 57, NULL, NULL, NULL, NULL, NULL, 0),
(1275, 193, 90, NULL, 'yes', NULL, 'yes', NULL, 0),
(1276, 193, 97, NULL, 'yes', NULL, NULL, NULL, 0),
(1342, 198, 90, NULL, 'yes', NULL, 'yes', NULL, 0),
(1278, 193, 26, NULL, NULL, NULL, 'yes', NULL, 0),
(1279, 193, 14, 'yes', 'yes', 'yes', 'yes', NULL, 0),
(1280, 193, 89, 'yes', 'yes', 'yes', 'yes', NULL, 0),
(1281, 193, 47, NULL, 'yes', 'yes', NULL, NULL, 0),
(1327, 197, 89, NULL, NULL, 'yes', 'yes', NULL, 0),
(1283, 194, 93, NULL, NULL, NULL, NULL, NULL, 0),
(1284, 194, 92, NULL, NULL, NULL, NULL, NULL, 0),
(1285, 194, 90, NULL, NULL, NULL, 'yes', NULL, 0),
(1286, 194, 47, NULL, 'yes', NULL, NULL, NULL, 0),
(1287, 194, 14, 'yes', 'yes', NULL, NULL, NULL, 0),
(1288, 194, 89, 'yes', 'yes', 'yes', NULL, NULL, 0),
(1341, 198, 92, NULL, 'yes', NULL, 'yes', NULL, 0),
(1290, 195, 88, NULL, NULL, 'yes', NULL, NULL, 0),
(1291, 195, 47, NULL, NULL, NULL, NULL, NULL, 0),
(1292, 195, 21, NULL, NULL, NULL, NULL, NULL, 0),
(1293, 195, 26, 'yes', 'yes', NULL, 'yes', NULL, 0),
(1308, 195, 1, NULL, NULL, NULL, NULL, NULL, 0),
(1295, 195, 90, NULL, 'yes', NULL, 'yes', NULL, 0),
(1296, 195, 14, 'yes', 'yes', 'yes', 'yes', NULL, 0),
(1297, 195, 89, 'yes', 'yes', 'yes', 'yes', NULL, 0),
(1298, 195, 93, NULL, NULL, NULL, NULL, NULL, 0),
(1299, 195, 92, NULL, NULL, NULL, 'yes', NULL, 0),
(1304, 195, 94, NULL, NULL, NULL, NULL, NULL, 0),
(1340, 198, 93, NULL, 'yes', NULL, 'yes', NULL, 0),
(1334, 197, 57, NULL, NULL, NULL, NULL, NULL, 0),
(1335, 197, 1, 'yes', NULL, NULL, 'yes', NULL, 0),
(1336, 198, 89, NULL, NULL, NULL, 'yes', NULL, 0),
(1337, 198, 47, NULL, NULL, NULL, NULL, NULL, 0),
(1339, 198, 94, NULL, 'yes', 'no', 'yes', NULL, 0),
(1343, 198, 1, 'yes', 'yes', 'yes', 'yes', NULL, 0),
(1344, 198, 99, 'yes', 'yes', 'yes', NULL, NULL, 0),
(1345, 198, 13, NULL, NULL, 'yes', 'yes', NULL, 0),
(1346, 199, 88, NULL, NULL, NULL, NULL, NULL, 0),
(1347, 199, 98, NULL, NULL, NULL, NULL, NULL, 0),
(1348, 199, 47, NULL, NULL, NULL, NULL, NULL, 0),
(1349, 199, 89, 'yes', 'yes', 'yes', NULL, NULL, 0),
(1350, 199, 14, 'yes', 'yes', 'yes', NULL, NULL, 0),
(1351, 199, 99, 'no', 'yes', 'yes', NULL, 1, 0),
(1352, 199, 102, NULL, NULL, NULL, NULL, NULL, 0),
(1353, 199, 0, NULL, NULL, NULL, NULL, NULL, 0),
(1354, 199, 103, 'no', 'yes', NULL, NULL, 1, 0),
(1355, 199, 104, NULL, NULL, NULL, NULL, NULL, 0),
(1356, 199, 1, 'yes', 'yes', 'yes', 'yes', NULL, 0),
(1357, 200, 47, 'yes', NULL, 'yes', NULL, NULL, 0),
(1358, 200, 89, 'yes', 'yes', NULL, 'no', NULL, 0),
(1359, 200, 14, 'yes', 'yes', NULL, NULL, NULL, 0),
(1360, 200, 57, 'yes', NULL, NULL, NULL, 0, 0),
(1361, 200, 0, NULL, NULL, NULL, NULL, NULL, 0),
(1362, 200, 1, 'yes', 'yes', 'yes', NULL, NULL, 0),
(1363, 200, 102, NULL, NULL, NULL, NULL, NULL, 0),
(1364, 200, 99, NULL, NULL, NULL, 'yes', NULL, 0),
(1365, 194, 98, NULL, NULL, NULL, NULL, NULL, 0),
(1366, 201, 1, 'yes', 'yes', 'yes', 'yes', NULL, 0),
(1367, 201, 47, NULL, NULL, NULL, NULL, NULL, 0),
(1368, 201, 89, 'yes', 'yes', 'yes', 'yes', NULL, 0),
(1369, 201, 14, 'yes', 'yes', 'yes', 'yes', NULL, 0),
(1370, 201, 99, 'yes', 'yes', NULL, 'yes', NULL, 0),
(1371, 201, 57, NULL, NULL, NULL, NULL, NULL, 0),
(1373, 201, 26, NULL, NULL, NULL, NULL, NULL, 0),
(1384, 203, 103, NULL, 'yes', NULL, NULL, NULL, 0),
(1385, 203, 98, NULL, 'yes', NULL, NULL, NULL, 0),
(1386, 203, 92, NULL, 'yes', NULL, 'yes', NULL, 0),
(1387, 203, 93, NULL, 'yes', NULL, 'yes', NULL, 0),
(1388, 203, 94, NULL, 'yes', NULL, 'yes', NULL, 0),
(1389, 203, 90, NULL, 'yes', NULL, 'yes', NULL, 0),
(1390, 203, 1, 'yes', 'yes', 'yes', 'yes', NULL, 0),
(1391, 203, 88, NULL, 'yes', NULL, NULL, NULL, 0),
(1392, 203, 99, 'yes', 'yes', 'yes', NULL, NULL, 0),
(1393, 203, 13, NULL, NULL, NULL, 'yes', NULL, 0),
(1394, 204, 14, 'yes', 'yes', 'yes', NULL, NULL, 0),
(1395, 204, 90, NULL, 'yes', NULL, NULL, NULL, 0),
(1396, 204, 92, NULL, 'yes', NULL, 'yes', NULL, 0),
(1397, 204, 94, NULL, 'yes', NULL, 'yes', NULL, 0),
(1398, 204, 93, NULL, 'yes', NULL, 'yes', NULL, 0),
(1399, 204, 1, 'yes', 'yes', 'yes', 'yes', NULL, 0),
(1400, 204, 89, 'yes', 'yes', 'yes', 'yes', NULL, 0),
(1401, 204, 103, NULL, NULL, NULL, NULL, NULL, 0),
(1402, 204, 66, NULL, NULL, NULL, NULL, NULL, 0),
(1403, 204, 26, NULL, NULL, NULL, 'yes', NULL, 0),
(1404, 204, 13, NULL, NULL, NULL, NULL, NULL, 0),
(1405, 204, 99, 'yes', 'yes', NULL, 'yes', NULL, 0),
(1406, 205, 1, 'yes', 'yes', 'yes', 'yes', NULL, 0),
(1407, 205, 14, NULL, NULL, NULL, NULL, NULL, 0),
(1408, 205, 89, NULL, NULL, NULL, NULL, NULL, 0),
(1409, 205, 13, NULL, NULL, NULL, NULL, NULL, 0),
(1410, 205, 103, NULL, 'yes', NULL, NULL, NULL, 0),
(1411, 205, 66, NULL, 'yes', NULL, NULL, NULL, 0),
(1412, 205, 99, 'yes', 'yes', 'yes', 'yes', NULL, 0),
(1413, 205, 26, NULL, 'yes', NULL, 'yes', NULL, 0),
(1414, 205, 98, NULL, NULL, NULL, NULL, NULL, 0),
(1415, 206, 77, NULL, NULL, NULL, NULL, NULL, 0),
(1416, 206, 13, NULL, NULL, NULL, 'yes', NULL, 0),
(1417, 206, 14, NULL, NULL, 'yes', NULL, NULL, 0),
(1418, 206, 90, NULL, NULL, NULL, 'yes', NULL, 0),
(1419, 206, 99, NULL, NULL, NULL, 'yes', NULL, 0),
(1420, 206, 1, 'yes', 'yes', NULL, 'yes', NULL, 0),
(1421, 206, 92, NULL, NULL, NULL, 'yes', NULL, 0),
(1422, 206, 94, NULL, NULL, NULL, 'yes', NULL, 0),
(1423, 206, 93, NULL, NULL, NULL, 'yes', NULL, 0);

-- --------------------------------------------------------

--
-- Table structure for table `visitor`
--

CREATE TABLE IF NOT EXISTS `visitor` (
  `ID` int(11) NOT NULL AUTO_INCREMENT,
  `ServiceID` int(11) NOT NULL,
  `AttendeeID` int(11) NOT NULL,
  `VisitorID` int(11) NOT NULL,
  PRIMARY KEY (`ID`),
  UNIQUE KEY `ServiceID` (`ServiceID`,`AttendeeID`,`VisitorID`)
) ENGINE=MyISAM  DEFAULT CHARSET=latin1 AUTO_INCREMENT=95 ;

--
-- Dumping data for table `visitor`
--

INSERT INTO `visitor` (`ID`, `ServiceID`, `AttendeeID`, `VisitorID`) VALUES
(85, 159, 66, 69),
(84, 145, 66, 82),
(76, 141, 66, 82),
(83, 144, 66, 82),
(89, 170, 57, 0),
(90, 176, 90, 96),
(91, 176, 21, 95),
(92, 188, 90, 97),
(93, 200, 57, 0),
(94, 202, 103, 104);

-- --------------------------------------------------------

--
-- Table structure for table `zipcode`
--

CREATE TABLE IF NOT EXISTS `zipcode` (
  `ID` int(11) NOT NULL AUTO_INCREMENT COMMENT 'Primary Key',
  `Value` varchar(5) NOT NULL COMMENT 'The Zipcode.',
  `City` varchar(30) NOT NULL,
  `State` varchar(2) NOT NULL COMMENT 'Two character state abbreviation',
  PRIMARY KEY (`ID`)
) ENGINE=MyISAM  DEFAULT CHARSET=latin1 AUTO_INCREMENT=19 ;

--
-- Dumping data for table `zipcode`
--

INSERT INTO `zipcode` (`ID`, `Value`, `City`, `State`) VALUES
(1, '65202', 'Columbia', 'MO'),
(2, '65201', 'Columbia', 'MO'),
(3, '65203', 'Columbia', 'MO'),
(4, '65205', 'Columbia', 'MO'),
(5, '65211', 'Columbia', 'MO'),
(6, '65212', 'Columbia', 'MO'),
(7, '65215', 'Columbia', 'MO'),
(8, '65216', 'Columbia', 'MO'),
(9, '65217', 'Columbia', 'MO'),
(10, '65218', 'Columbia', 'MO'),
(11, '65233', 'Booneville', 'MO'),
(12, '65240', 'Centrailia', 'MO'),
(13, '65248', 'Fayette', 'MO'),
(14, '65255', 'Hallsville', 'MO'),
(15, '65256', 'Harrisburg', 'MO'),
(16, '65010', 'Ashland', 'MO'),
(17, '65251', 'Fulton', 'MO'),
(18, '46268', 'Indianapolis', 'IN');

/*!40101 SET CHARACTER_SET_CLIENT=@OLD_CHARACTER_SET_CLIENT */;
/*!40101 SET CHARACTER_SET_RESULTS=@OLD_CHARACTER_SET_RESULTS */;
/*!40101 SET COLLATION_CONNECTION=@OLD_COLLATION_CONNECTION */;
